id;name;height;weight;img
1;bulbasaur;7;69;https://raw.githubusercontent.com/PokeAPI/sprites/master/sprites/pokemon/1.png
2;ivysaur;10;130;https://raw.githubusercontent.com/PokeAPI/sprites/master/sprites/pokemon/2.png
3;venusaur;20;1000;https://raw.githubusercontent.com/PokeAPI/sprites/master/sprites/pokemon/3.png
4;charmander;6;85;https://raw.githubusercontent.com/PokeAPI/sprites/master/sprites/pokemon/4.png
5;charmeleon;11;190;https://raw.githubusercontent.com/PokeAPI/sprites/master/sprites/pokemon/5.png
6;charizard;17;905;https://raw.githubusercontent.com/PokeAPI/sprites/master/sprites/pokemon/6.png
7;squirtle;5;90;https://raw.githubusercontent.com/PokeAPI/sprites/master/sprites/pokemon/7.png
8;wartortle;10;225;https://raw.githubusercontent.com/PokeAPI/sprites/master/sprites/pokemon/8.png
9;blastoise;16;855;https://raw.githubusercontent.com/PokeAPI/sprites/master/sprites/pokemon/9.png
10;caterpie;3;29;https://raw.githubusercontent.com/PokeAPI/sprites/master/sprites/pokemon/10.png
11;metapod;7;99;https://raw.githubusercontent.com/PokeAPI/sprites/master/sprites/pokemon/11.png
12;butterfree;11;320;https://raw.githubusercontent.com/PokeAPI/sprites/master/sprites/pokemon/12.png
13;weedle;3;32;https://raw.githubusercontent.com/PokeAPI/sprites/master/sprites/pokemon/13.png
14;kakuna;6;100;https://raw.githubusercontent.com/PokeAPI/sprites/master/sprites/pokemon/14.png
15;beedrill;10;295;https://raw.githubusercontent.com/PokeAPI/sprites/master/sprites/pokemon/15.png
16;pidgey;3;18;https://raw.githubusercontent.com/PokeAPI/sprites/master/sprites/pokemon/16.png
17;pidgeotto;11;300;https://raw.githubusercontent.com/PokeAPI/sprites/master/sprites/pokemon/17.png
18;pidgeot;15;395;https://raw.githubusercontent.com/PokeAPI/sprites/master/sprites/pokemon/18.png
19;rattata;3;35;https://raw.githubusercontent.com/PokeAPI/sprites/master/sprites/pokemon/19.png
20;raticate;7;185;https://raw.githubusercontent.com/PokeAPI/sprites/master/sprites/pokemon/20.png
21;spearow;3;20;https://raw.githubusercontent.com/PokeAPI/sprites/master/sprites/pokemon/21.png
22;fearow;12;380;https://raw.githubusercontent.com/PokeAPI/sprites/master/sprites/pokemon/22.png
23;ekans;20;69;https://raw.githubusercontent.com/PokeAPI/sprites/master/sprites/pokemon/23.png
24;arbok;35;650;https://raw.githubusercontent.com/PokeAPI/sprites/master/sprites/pokemon/24.png
25;pikachu;4;60;https://raw.githubusercontent.com/PokeAPI/sprites/master/sprites/pokemon/25.png
26;raichu;8;300;https://raw.githubusercontent.com/PokeAPI/sprites/master/sprites/pokemon/26.png
27;sandshrew;6;120;https://raw.githubusercontent.com/PokeAPI/sprites/master/sprites/pokemon/27.png
28;sandslash;10;295;https://raw.githubusercontent.com/PokeAPI/sprites/master/sprites/pokemon/28.png
29;nidoran-f;4;70;https://raw.githubusercontent.com/PokeAPI/sprites/master/sprites/pokemon/29.png
30;nidorina;8;200;https://raw.githubusercontent.com/PokeAPI/sprites/master/sprites/pokemon/30.png
31;nidoqueen;13;600;https://raw.githubusercontent.com/PokeAPI/sprites/master/sprites/pokemon/31.png
32;nidoran-m;5;90;https://raw.githubusercontent.com/PokeAPI/sprites/master/sprites/pokemon/32.png
33;nidorino;9;195;https://raw.githubusercontent.com/PokeAPI/sprites/master/sprites/pokemon/33.png
34;nidoking;14;620;https://raw.githubusercontent.com/PokeAPI/sprites/master/sprites/pokemon/34.png
35;clefairy;6;75;https://raw.githubusercontent.com/PokeAPI/sprites/master/sprites/pokemon/35.png
36;clefable;13;400;https://raw.githubusercontent.com/PokeAPI/sprites/master/sprites/pokemon/36.png
37;vulpix;6;99;https://raw.githubusercontent.com/PokeAPI/sprites/master/sprites/pokemon/37.png
38;ninetales;11;199;https://raw.githubusercontent.com/PokeAPI/sprites/master/sprites/pokemon/38.png
39;jigglypuff;5;55;https://raw.githubusercontent.com/PokeAPI/sprites/master/sprites/pokemon/39.png
40;wigglytuff;10;120;https://raw.githubusercontent.com/PokeAPI/sprites/master/sprites/pokemon/40.png
41;zubat;8;75;https://raw.githubusercontent.com/PokeAPI/sprites/master/sprites/pokemon/41.png
42;golbat;16;550;https://raw.githubusercontent.com/PokeAPI/sprites/master/sprites/pokemon/42.png
43;oddish;5;54;https://raw.githubusercontent.com/PokeAPI/sprites/master/sprites/pokemon/43.png
44;gloom;8;86;https://raw.githubusercontent.com/PokeAPI/sprites/master/sprites/pokemon/44.png
45;vileplume;12;186;https://raw.githubusercontent.com/PokeAPI/sprites/master/sprites/pokemon/45.png
46;paras;3;54;https://raw.githubusercontent.com/PokeAPI/sprites/master/sprites/pokemon/46.png
47;parasect;10;295;https://raw.githubusercontent.com/PokeAPI/sprites/master/sprites/pokemon/47.png
48;venonat;10;300;https://raw.githubusercontent.com/PokeAPI/sprites/master/sprites/pokemon/48.png
49;venomoth;15;125;https://raw.githubusercontent.com/PokeAPI/sprites/master/sprites/pokemon/49.png
50;diglett;2;8;https://raw.githubusercontent.com/PokeAPI/sprites/master/sprites/pokemon/50.png
51;dugtrio;7;333;https://raw.githubusercontent.com/PokeAPI/sprites/master/sprites/pokemon/51.png
52;meowth;4;42;https://raw.githubusercontent.com/PokeAPI/sprites/master/sprites/pokemon/52.png
53;persian;10;320;https://raw.githubusercontent.com/PokeAPI/sprites/master/sprites/pokemon/53.png
54;psyduck;8;196;https://raw.githubusercontent.com/PokeAPI/sprites/master/sprites/pokemon/54.png
55;golduck;17;766;https://raw.githubusercontent.com/PokeAPI/sprites/master/sprites/pokemon/55.png
56;mankey;5;280;https://raw.githubusercontent.com/PokeAPI/sprites/master/sprites/pokemon/56.png
57;primeape;10;320;https://raw.githubusercontent.com/PokeAPI/sprites/master/sprites/pokemon/57.png
58;growlithe;7;190;https://raw.githubusercontent.com/PokeAPI/sprites/master/sprites/pokemon/58.png
59;arcanine;19;1550;https://raw.githubusercontent.com/PokeAPI/sprites/master/sprites/pokemon/59.png
60;poliwag;6;124;https://raw.githubusercontent.com/PokeAPI/sprites/master/sprites/pokemon/60.png
61;poliwhirl;10;200;https://raw.githubusercontent.com/PokeAPI/sprites/master/sprites/pokemon/61.png
62;poliwrath;13;540;https://raw.githubusercontent.com/PokeAPI/sprites/master/sprites/pokemon/62.png
63;abra;9;195;https://raw.githubusercontent.com/PokeAPI/sprites/master/sprites/pokemon/63.png
64;kadabra;13;565;https://raw.githubusercontent.com/PokeAPI/sprites/master/sprites/pokemon/64.png
65;alakazam;15;480;https://raw.githubusercontent.com/PokeAPI/sprites/master/sprites/pokemon/65.png
66;machop;8;195;https://raw.githubusercontent.com/PokeAPI/sprites/master/sprites/pokemon/66.png
67;machoke;15;705;https://raw.githubusercontent.com/PokeAPI/sprites/master/sprites/pokemon/67.png
68;machamp;16;1300;https://raw.githubusercontent.com/PokeAPI/sprites/master/sprites/pokemon/68.png
69;bellsprout;7;40;https://raw.githubusercontent.com/PokeAPI/sprites/master/sprites/pokemon/69.png
70;weepinbell;10;64;https://raw.githubusercontent.com/PokeAPI/sprites/master/sprites/pokemon/70.png
71;victreebel;17;155;https://raw.githubusercontent.com/PokeAPI/sprites/master/sprites/pokemon/71.png
72;tentacool;9;455;https://raw.githubusercontent.com/PokeAPI/sprites/master/sprites/pokemon/72.png
73;tentacruel;16;550;https://raw.githubusercontent.com/PokeAPI/sprites/master/sprites/pokemon/73.png
74;geodude;4;200;https://raw.githubusercontent.com/PokeAPI/sprites/master/sprites/pokemon/74.png
75;graveler;10;1050;https://raw.githubusercontent.com/PokeAPI/sprites/master/sprites/pokemon/75.png
76;golem;14;3000;https://raw.githubusercontent.com/PokeAPI/sprites/master/sprites/pokemon/76.png
77;ponyta;10;300;https://raw.githubusercontent.com/PokeAPI/sprites/master/sprites/pokemon/77.png
78;rapidash;17;950;https://raw.githubusercontent.com/PokeAPI/sprites/master/sprites/pokemon/78.png
79;slowpoke;12;360;https://raw.githubusercontent.com/PokeAPI/sprites/master/sprites/pokemon/79.png
80;slowbro;16;785;https://raw.githubusercontent.com/PokeAPI/sprites/master/sprites/pokemon/80.png
81;magnemite;3;60;https://raw.githubusercontent.com/PokeAPI/sprites/master/sprites/pokemon/81.png
82;magneton;10;600;https://raw.githubusercontent.com/PokeAPI/sprites/master/sprites/pokemon/82.png
83;farfetchd;8;150;https://raw.githubusercontent.com/PokeAPI/sprites/master/sprites/pokemon/83.png
84;doduo;14;392;https://raw.githubusercontent.com/PokeAPI/sprites/master/sprites/pokemon/84.png
85;dodrio;18;852;https://raw.githubusercontent.com/PokeAPI/sprites/master/sprites/pokemon/85.png
86;seel;11;900;https://raw.githubusercontent.com/PokeAPI/sprites/master/sprites/pokemon/86.png
87;dewgong;17;1200;https://raw.githubusercontent.com/PokeAPI/sprites/master/sprites/pokemon/87.png
88;grimer;9;300;https://raw.githubusercontent.com/PokeAPI/sprites/master/sprites/pokemon/88.png
89;muk;12;300;https://raw.githubusercontent.com/PokeAPI/sprites/master/sprites/pokemon/89.png
90;shellder;3;40;https://raw.githubusercontent.com/PokeAPI/sprites/master/sprites/pokemon/90.png
91;cloyster;15;1325;https://raw.githubusercontent.com/PokeAPI/sprites/master/sprites/pokemon/91.png
92;gastly;13;1;https://raw.githubusercontent.com/PokeAPI/sprites/master/sprites/pokemon/92.png
93;haunter;16;1;https://raw.githubusercontent.com/PokeAPI/sprites/master/sprites/pokemon/93.png
94;gengar;15;405;https://raw.githubusercontent.com/PokeAPI/sprites/master/sprites/pokemon/94.png
95;onix;88;2100;https://raw.githubusercontent.com/PokeAPI/sprites/master/sprites/pokemon/95.png
96;drowzee;10;324;https://raw.githubusercontent.com/PokeAPI/sprites/master/sprites/pokemon/96.png
97;hypno;16;756;https://raw.githubusercontent.com/PokeAPI/sprites/master/sprites/pokemon/97.png
98;krabby;4;65;https://raw.githubusercontent.com/PokeAPI/sprites/master/sprites/pokemon/98.png
99;kingler;13;600;https://raw.githubusercontent.com/PokeAPI/sprites/master/sprites/pokemon/99.png
100;voltorb;5;104;https://raw.githubusercontent.com/PokeAPI/sprites/master/sprites/pokemon/100.png
101;electrode;12;666;https://raw.githubusercontent.com/PokeAPI/sprites/master/sprites/pokemon/101.png
102;exeggcute;4;25;https://raw.githubusercontent.com/PokeAPI/sprites/master/sprites/pokemon/102.png
103;exeggutor;20;1200;https://raw.githubusercontent.com/PokeAPI/sprites/master/sprites/pokemon/103.png
104;cubone;4;65;https://raw.githubusercontent.com/PokeAPI/sprites/master/sprites/pokemon/104.png
105;marowak;10;450;https://raw.githubusercontent.com/PokeAPI/sprites/master/sprites/pokemon/105.png
106;hitmonlee;15;498;https://raw.githubusercontent.com/PokeAPI/sprites/master/sprites/pokemon/106.png
107;hitmonchan;14;502;https://raw.githubusercontent.com/PokeAPI/sprites/master/sprites/pokemon/107.png
108;lickitung;12;655;https://raw.githubusercontent.com/PokeAPI/sprites/master/sprites/pokemon/108.png
109;koffing;6;10;https://raw.githubusercontent.com/PokeAPI/sprites/master/sprites/pokemon/109.png
110;weezing;12;95;https://raw.githubusercontent.com/PokeAPI/sprites/master/sprites/pokemon/110.png
111;rhyhorn;10;1150;https://raw.githubusercontent.com/PokeAPI/sprites/master/sprites/pokemon/111.png
112;rhydon;19;1200;https://raw.githubusercontent.com/PokeAPI/sprites/master/sprites/pokemon/112.png
113;chansey;11;346;https://raw.githubusercontent.com/PokeAPI/sprites/master/sprites/pokemon/113.png
114;tangela;10;350;https://raw.githubusercontent.com/PokeAPI/sprites/master/sprites/pokemon/114.png
115;kangaskhan;22;800;https://raw.githubusercontent.com/PokeAPI/sprites/master/sprites/pokemon/115.png
116;horsea;4;80;https://raw.githubusercontent.com/PokeAPI/sprites/master/sprites/pokemon/116.png
117;seadra;12;250;https://raw.githubusercontent.com/PokeAPI/sprites/master/sprites/pokemon/117.png
118;goldeen;6;150;https://raw.githubusercontent.com/PokeAPI/sprites/master/sprites/pokemon/118.png
119;seaking;13;390;https://raw.githubusercontent.com/PokeAPI/sprites/master/sprites/pokemon/119.png
120;staryu;8;345;https://raw.githubusercontent.com/PokeAPI/sprites/master/sprites/pokemon/120.png
121;starmie;11;800;https://raw.githubusercontent.com/PokeAPI/sprites/master/sprites/pokemon/121.png
122;mr-mime;13;545;https://raw.githubusercontent.com/PokeAPI/sprites/master/sprites/pokemon/122.png
123;scyther;15;560;https://raw.githubusercontent.com/PokeAPI/sprites/master/sprites/pokemon/123.png
124;jynx;14;406;https://raw.githubusercontent.com/PokeAPI/sprites/master/sprites/pokemon/124.png
125;electabuzz;11;300;https://raw.githubusercontent.com/PokeAPI/sprites/master/sprites/pokemon/125.png
126;magmar;13;445;https://raw.githubusercontent.com/PokeAPI/sprites/master/sprites/pokemon/126.png
127;pinsir;15;550;https://raw.githubusercontent.com/PokeAPI/sprites/master/sprites/pokemon/127.png
128;tauros;14;884;https://raw.githubusercontent.com/PokeAPI/sprites/master/sprites/pokemon/128.png
129;magikarp;9;100;https://raw.githubusercontent.com/PokeAPI/sprites/master/sprites/pokemon/129.png
130;gyarados;65;2350;https://raw.githubusercontent.com/PokeAPI/sprites/master/sprites/pokemon/130.png
131;lapras;25;2200;https://raw.githubusercontent.com/PokeAPI/sprites/master/sprites/pokemon/131.png
132;ditto;3;40;https://raw.githubusercontent.com/PokeAPI/sprites/master/sprites/pokemon/132.png
133;eevee;3;65;https://raw.githubusercontent.com/PokeAPI/sprites/master/sprites/pokemon/133.png
134;vaporeon;10;290;https://raw.githubusercontent.com/PokeAPI/sprites/master/sprites/pokemon/134.png
135;jolteon;8;245;https://raw.githubusercontent.com/PokeAPI/sprites/master/sprites/pokemon/135.png
136;flareon;9;250;https://raw.githubusercontent.com/PokeAPI/sprites/master/sprites/pokemon/136.png
137;porygon;8;365;https://raw.githubusercontent.com/PokeAPI/sprites/master/sprites/pokemon/137.png
138;omanyte;4;75;https://raw.githubusercontent.com/PokeAPI/sprites/master/sprites/pokemon/138.png
139;omastar;10;350;https://raw.githubusercontent.com/PokeAPI/sprites/master/sprites/pokemon/139.png
140;kabuto;5;115;https://raw.githubusercontent.com/PokeAPI/sprites/master/sprites/pokemon/140.png
141;kabutops;13;405;https://raw.githubusercontent.com/PokeAPI/sprites/master/sprites/pokemon/141.png
142;aerodactyl;18;590;https://raw.githubusercontent.com/PokeAPI/sprites/master/sprites/pokemon/142.png
143;snorlax;21;4600;https://raw.githubusercontent.com/PokeAPI/sprites/master/sprites/pokemon/143.png
144;articuno;17;554;https://raw.githubusercontent.com/PokeAPI/sprites/master/sprites/pokemon/144.png
145;zapdos;16;526;https://raw.githubusercontent.com/PokeAPI/sprites/master/sprites/pokemon/145.png
146;moltres;20;600;https://raw.githubusercontent.com/PokeAPI/sprites/master/sprites/pokemon/146.png
147;dratini;18;33;https://raw.githubusercontent.com/PokeAPI/sprites/master/sprites/pokemon/147.png
148;dragonair;40;165;https://raw.githubusercontent.com/PokeAPI/sprites/master/sprites/pokemon/148.png
149;dragonite;22;2100;https://raw.githubusercontent.com/PokeAPI/sprites/master/sprites/pokemon/149.png
150;mewtwo;20;1220;https://raw.githubusercontent.com/PokeAPI/sprites/master/sprites/pokemon/150.png
151;mew;4;40;https://raw.githubusercontent.com/PokeAPI/sprites/master/sprites/pokemon/151.png
152;chikorita;9;64;https://raw.githubusercontent.com/PokeAPI/sprites/master/sprites/pokemon/152.png
153;bayleef;12;158;https://raw.githubusercontent.com/PokeAPI/sprites/master/sprites/pokemon/153.png
154;meganium;18;1005;https://raw.githubusercontent.com/PokeAPI/sprites/master/sprites/pokemon/154.png
155;cyndaquil;5;79;https://raw.githubusercontent.com/PokeAPI/sprites/master/sprites/pokemon/155.png
156;quilava;9;190;https://raw.githubusercontent.com/PokeAPI/sprites/master/sprites/pokemon/156.png
157;typhlosion;17;795;https://raw.githubusercontent.com/PokeAPI/sprites/master/sprites/pokemon/157.png
158;totodile;6;95;https://raw.githubusercontent.com/PokeAPI/sprites/master/sprites/pokemon/158.png
159;croconaw;11;250;https://raw.githubusercontent.com/PokeAPI/sprites/master/sprites/pokemon/159.png
160;feraligatr;23;888;https://raw.githubusercontent.com/PokeAPI/sprites/master/sprites/pokemon/160.png
161;sentret;8;60;https://raw.githubusercontent.com/PokeAPI/sprites/master/sprites/pokemon/161.png
162;furret;18;325;https://raw.githubusercontent.com/PokeAPI/sprites/master/sprites/pokemon/162.png
163;hoothoot;7;212;https://raw.githubusercontent.com/PokeAPI/sprites/master/sprites/pokemon/163.png
164;noctowl;16;408;https://raw.githubusercontent.com/PokeAPI/sprites/master/sprites/pokemon/164.png
165;ledyba;10;108;https://raw.githubusercontent.com/PokeAPI/sprites/master/sprites/pokemon/165.png
166;ledian;14;356;https://raw.githubusercontent.com/PokeAPI/sprites/master/sprites/pokemon/166.png
167;spinarak;5;85;https://raw.githubusercontent.com/PokeAPI/sprites/master/sprites/pokemon/167.png
168;ariados;11;335;https://raw.githubusercontent.com/PokeAPI/sprites/master/sprites/pokemon/168.png
169;crobat;18;750;https://raw.githubusercontent.com/PokeAPI/sprites/master/sprites/pokemon/169.png
170;chinchou;5;120;https://raw.githubusercontent.com/PokeAPI/sprites/master/sprites/pokemon/170.png
171;lanturn;12;225;https://raw.githubusercontent.com/PokeAPI/sprites/master/sprites/pokemon/171.png
172;pichu;3;20;https://raw.githubusercontent.com/PokeAPI/sprites/master/sprites/pokemon/172.png
173;cleffa;3;30;https://raw.githubusercontent.com/PokeAPI/sprites/master/sprites/pokemon/173.png
174;igglybuff;3;10;https://raw.githubusercontent.com/PokeAPI/sprites/master/sprites/pokemon/174.png
175;togepi;3;15;https://raw.githubusercontent.com/PokeAPI/sprites/master/sprites/pokemon/175.png
176;togetic;6;32;https://raw.githubusercontent.com/PokeAPI/sprites/master/sprites/pokemon/176.png
177;natu;2;20;https://raw.githubusercontent.com/PokeAPI/sprites/master/sprites/pokemon/177.png
178;xatu;15;150;https://raw.githubusercontent.com/PokeAPI/sprites/master/sprites/pokemon/178.png
179;mareep;6;78;https://raw.githubusercontent.com/PokeAPI/sprites/master/sprites/pokemon/179.png
180;flaaffy;8;133;https://raw.githubusercontent.com/PokeAPI/sprites/master/sprites/pokemon/180.png
181;ampharos;14;615;https://raw.githubusercontent.com/PokeAPI/sprites/master/sprites/pokemon/181.png
182;bellossom;4;58;https://raw.githubusercontent.com/PokeAPI/sprites/master/sprites/pokemon/182.png
183;marill;4;85;https://raw.githubusercontent.com/PokeAPI/sprites/master/sprites/pokemon/183.png
184;azumarill;8;285;https://raw.githubusercontent.com/PokeAPI/sprites/master/sprites/pokemon/184.png
185;sudowoodo;12;380;https://raw.githubusercontent.com/PokeAPI/sprites/master/sprites/pokemon/185.png
186;politoed;11;339;https://raw.githubusercontent.com/PokeAPI/sprites/master/sprites/pokemon/186.png
187;hoppip;4;5;https://raw.githubusercontent.com/PokeAPI/sprites/master/sprites/pokemon/187.png
188;skiploom;6;10;https://raw.githubusercontent.com/PokeAPI/sprites/master/sprites/pokemon/188.png
189;jumpluff;8;30;https://raw.githubusercontent.com/PokeAPI/sprites/master/sprites/pokemon/189.png
190;aipom;8;115;https://raw.githubusercontent.com/PokeAPI/sprites/master/sprites/pokemon/190.png
191;sunkern;3;18;https://raw.githubusercontent.com/PokeAPI/sprites/master/sprites/pokemon/191.png
192;sunflora;8;85;https://raw.githubusercontent.com/PokeAPI/sprites/master/sprites/pokemon/192.png
193;yanma;12;380;https://raw.githubusercontent.com/PokeAPI/sprites/master/sprites/pokemon/193.png
194;wooper;4;85;https://raw.githubusercontent.com/PokeAPI/sprites/master/sprites/pokemon/194.png
195;quagsire;14;750;https://raw.githubusercontent.com/PokeAPI/sprites/master/sprites/pokemon/195.png
196;espeon;9;265;https://raw.githubusercontent.com/PokeAPI/sprites/master/sprites/pokemon/196.png
197;umbreon;10;270;https://raw.githubusercontent.com/PokeAPI/sprites/master/sprites/pokemon/197.png
198;murkrow;5;21;https://raw.githubusercontent.com/PokeAPI/sprites/master/sprites/pokemon/198.png
199;slowking;20;795;https://raw.githubusercontent.com/PokeAPI/sprites/master/sprites/pokemon/199.png
200;misdreavus;7;10;https://raw.githubusercontent.com/PokeAPI/sprites/master/sprites/pokemon/200.png
201;unown;5;50;https://raw.githubusercontent.com/PokeAPI/sprites/master/sprites/pokemon/201.png
202;wobbuffet;13;285;https://raw.githubusercontent.com/PokeAPI/sprites/master/sprites/pokemon/202.png
203;girafarig;15;415;https://raw.githubusercontent.com/PokeAPI/sprites/master/sprites/pokemon/203.png
204;pineco;6;72;https://raw.githubusercontent.com/PokeAPI/sprites/master/sprites/pokemon/204.png
205;forretress;12;1258;https://raw.githubusercontent.com/PokeAPI/sprites/master/sprites/pokemon/205.png
206;dunsparce;15;140;https://raw.githubusercontent.com/PokeAPI/sprites/master/sprites/pokemon/206.png
207;gligar;11;648;https://raw.githubusercontent.com/PokeAPI/sprites/master/sprites/pokemon/207.png
208;steelix;92;4000;https://raw.githubusercontent.com/PokeAPI/sprites/master/sprites/pokemon/208.png
209;snubbull;6;78;https://raw.githubusercontent.com/PokeAPI/sprites/master/sprites/pokemon/209.png
210;granbull;14;487;https://raw.githubusercontent.com/PokeAPI/sprites/master/sprites/pokemon/210.png
211;qwilfish;5;39;https://raw.githubusercontent.com/PokeAPI/sprites/master/sprites/pokemon/211.png
212;scizor;18;1180;https://raw.githubusercontent.com/PokeAPI/sprites/master/sprites/pokemon/212.png
213;shuckle;6;205;https://raw.githubusercontent.com/PokeAPI/sprites/master/sprites/pokemon/213.png
214;heracross;15;540;https://raw.githubusercontent.com/PokeAPI/sprites/master/sprites/pokemon/214.png
215;sneasel;9;280;https://raw.githubusercontent.com/PokeAPI/sprites/master/sprites/pokemon/215.png
216;teddiursa;6;88;https://raw.githubusercontent.com/PokeAPI/sprites/master/sprites/pokemon/216.png
217;ursaring;18;1258;https://raw.githubusercontent.com/PokeAPI/sprites/master/sprites/pokemon/217.png
218;slugma;7;350;https://raw.githubusercontent.com/PokeAPI/sprites/master/sprites/pokemon/218.png
219;magcargo;8;550;https://raw.githubusercontent.com/PokeAPI/sprites/master/sprites/pokemon/219.png
220;swinub;4;65;https://raw.githubusercontent.com/PokeAPI/sprites/master/sprites/pokemon/220.png
221;piloswine;11;558;https://raw.githubusercontent.com/PokeAPI/sprites/master/sprites/pokemon/221.png
222;corsola;6;50;https://raw.githubusercontent.com/PokeAPI/sprites/master/sprites/pokemon/222.png
223;remoraid;6;120;https://raw.githubusercontent.com/PokeAPI/sprites/master/sprites/pokemon/223.png
224;octillery;9;285;https://raw.githubusercontent.com/PokeAPI/sprites/master/sprites/pokemon/224.png
225;delibird;9;160;https://raw.githubusercontent.com/PokeAPI/sprites/master/sprites/pokemon/225.png
226;mantine;21;2200;https://raw.githubusercontent.com/PokeAPI/sprites/master/sprites/pokemon/226.png
227;skarmory;17;505;https://raw.githubusercontent.com/PokeAPI/sprites/master/sprites/pokemon/227.png
228;houndour;6;108;https://raw.githubusercontent.com/PokeAPI/sprites/master/sprites/pokemon/228.png
229;houndoom;14;350;https://raw.githubusercontent.com/PokeAPI/sprites/master/sprites/pokemon/229.png
230;kingdra;18;1520;https://raw.githubusercontent.com/PokeAPI/sprites/master/sprites/pokemon/230.png
231;phanpy;5;335;https://raw.githubusercontent.com/PokeAPI/sprites/master/sprites/pokemon/231.png
232;donphan;11;1200;https://raw.githubusercontent.com/PokeAPI/sprites/master/sprites/pokemon/232.png
233;porygon2;6;325;https://raw.githubusercontent.com/PokeAPI/sprites/master/sprites/pokemon/233.png
234;stantler;14;712;https://raw.githubusercontent.com/PokeAPI/sprites/master/sprites/pokemon/234.png
235;smeargle;12;580;https://raw.githubusercontent.com/PokeAPI/sprites/master/sprites/pokemon/235.png
236;tyrogue;7;210;https://raw.githubusercontent.com/PokeAPI/sprites/master/sprites/pokemon/236.png
237;hitmontop;14;480;https://raw.githubusercontent.com/PokeAPI/sprites/master/sprites/pokemon/237.png
238;smoochum;4;60;https://raw.githubusercontent.com/PokeAPI/sprites/master/sprites/pokemon/238.png
239;elekid;6;235;https://raw.githubusercontent.com/PokeAPI/sprites/master/sprites/pokemon/239.png
240;magby;7;214;https://raw.githubusercontent.com/PokeAPI/sprites/master/sprites/pokemon/240.png
241;miltank;12;755;https://raw.githubusercontent.com/PokeAPI/sprites/master/sprites/pokemon/241.png
242;blissey;15;468;https://raw.githubusercontent.com/PokeAPI/sprites/master/sprites/pokemon/242.png
243;raikou;19;1780;https://raw.githubusercontent.com/PokeAPI/sprites/master/sprites/pokemon/243.png
244;entei;21;1980;https://raw.githubusercontent.com/PokeAPI/sprites/master/sprites/pokemon/244.png
245;suicune;20;1870;https://raw.githubusercontent.com/PokeAPI/sprites/master/sprites/pokemon/245.png
246;larvitar;6;720;https://raw.githubusercontent.com/PokeAPI/sprites/master/sprites/pokemon/246.png
247;pupitar;12;1520;https://raw.githubusercontent.com/PokeAPI/sprites/master/sprites/pokemon/247.png
248;tyranitar;20;2020;https://raw.githubusercontent.com/PokeAPI/sprites/master/sprites/pokemon/248.png
249;lugia;52;2160;https://raw.githubusercontent.com/PokeAPI/sprites/master/sprites/pokemon/249.png
250;ho-oh;38;1990;https://raw.githubusercontent.com/PokeAPI/sprites/master/sprites/pokemon/250.png
251;celebi;6;50;https://raw.githubusercontent.com/PokeAPI/sprites/master/sprites/pokemon/251.png
252;treecko;5;50;https://raw.githubusercontent.com/PokeAPI/sprites/master/sprites/pokemon/252.png
253;grovyle;9;216;https://raw.githubusercontent.com/PokeAPI/sprites/master/sprites/pokemon/253.png
254;sceptile;17;522;https://raw.githubusercontent.com/PokeAPI/sprites/master/sprites/pokemon/254.png
255;torchic;4;25;https://raw.githubusercontent.com/PokeAPI/sprites/master/sprites/pokemon/255.png
256;combusken;9;195;https://raw.githubusercontent.com/PokeAPI/sprites/master/sprites/pokemon/256.png
257;blaziken;19;520;https://raw.githubusercontent.com/PokeAPI/sprites/master/sprites/pokemon/257.png
258;mudkip;4;76;https://raw.githubusercontent.com/PokeAPI/sprites/master/sprites/pokemon/258.png
259;marshtomp;7;280;https://raw.githubusercontent.com/PokeAPI/sprites/master/sprites/pokemon/259.png
260;swampert;15;819;https://raw.githubusercontent.com/PokeAPI/sprites/master/sprites/pokemon/260.png
261;poochyena;5;136;https://raw.githubusercontent.com/PokeAPI/sprites/master/sprites/pokemon/261.png
262;mightyena;10;370;https://raw.githubusercontent.com/PokeAPI/sprites/master/sprites/pokemon/262.png
263;zigzagoon;4;175;https://raw.githubusercontent.com/PokeAPI/sprites/master/sprites/pokemon/263.png
264;linoone;5;325;https://raw.githubusercontent.com/PokeAPI/sprites/master/sprites/pokemon/264.png
265;wurmple;3;36;https://raw.githubusercontent.com/PokeAPI/sprites/master/sprites/pokemon/265.png
266;silcoon;6;100;https://raw.githubusercontent.com/PokeAPI/sprites/master/sprites/pokemon/266.png
267;beautifly;10;284;https://raw.githubusercontent.com/PokeAPI/sprites/master/sprites/pokemon/267.png
268;cascoon;7;115;https://raw.githubusercontent.com/PokeAPI/sprites/master/sprites/pokemon/268.png
269;dustox;12;316;https://raw.githubusercontent.com/PokeAPI/sprites/master/sprites/pokemon/269.png
270;lotad;5;26;https://raw.githubusercontent.com/PokeAPI/sprites/master/sprites/pokemon/270.png
271;lombre;12;325;https://raw.githubusercontent.com/PokeAPI/sprites/master/sprites/pokemon/271.png
272;ludicolo;15;550;https://raw.githubusercontent.com/PokeAPI/sprites/master/sprites/pokemon/272.png
273;seedot;5;40;https://raw.githubusercontent.com/PokeAPI/sprites/master/sprites/pokemon/273.png
274;nuzleaf;10;280;https://raw.githubusercontent.com/PokeAPI/sprites/master/sprites/pokemon/274.png
275;shiftry;13;596;https://raw.githubusercontent.com/PokeAPI/sprites/master/sprites/pokemon/275.png
276;taillow;3;23;https://raw.githubusercontent.com/PokeAPI/sprites/master/sprites/pokemon/276.png
277;swellow;7;198;https://raw.githubusercontent.com/PokeAPI/sprites/master/sprites/pokemon/277.png
278;wingull;6;95;https://raw.githubusercontent.com/PokeAPI/sprites/master/sprites/pokemon/278.png
279;pelipper;12;280;https://raw.githubusercontent.com/PokeAPI/sprites/master/sprites/pokemon/279.png
280;ralts;4;66;https://raw.githubusercontent.com/PokeAPI/sprites/master/sprites/pokemon/280.png
281;kirlia;8;202;https://raw.githubusercontent.com/PokeAPI/sprites/master/sprites/pokemon/281.png
282;gardevoir;16;484;https://raw.githubusercontent.com/PokeAPI/sprites/master/sprites/pokemon/282.png
283;surskit;5;17;https://raw.githubusercontent.com/PokeAPI/sprites/master/sprites/pokemon/283.png
284;masquerain;8;36;https://raw.githubusercontent.com/PokeAPI/sprites/master/sprites/pokemon/284.png
285;shroomish;4;45;https://raw.githubusercontent.com/PokeAPI/sprites/master/sprites/pokemon/285.png
286;breloom;12;392;https://raw.githubusercontent.com/PokeAPI/sprites/master/sprites/pokemon/286.png
287;slakoth;8;240;https://raw.githubusercontent.com/PokeAPI/sprites/master/sprites/pokemon/287.png
288;vigoroth;14;465;https://raw.githubusercontent.com/PokeAPI/sprites/master/sprites/pokemon/288.png
289;slaking;20;1305;https://raw.githubusercontent.com/PokeAPI/sprites/master/sprites/pokemon/289.png
290;nincada;5;55;https://raw.githubusercontent.com/PokeAPI/sprites/master/sprites/pokemon/290.png
291;ninjask;8;120;https://raw.githubusercontent.com/PokeAPI/sprites/master/sprites/pokemon/291.png
292;shedinja;8;12;https://raw.githubusercontent.com/PokeAPI/sprites/master/sprites/pokemon/292.png
293;whismur;6;163;https://raw.githubusercontent.com/PokeAPI/sprites/master/sprites/pokemon/293.png
294;loudred;10;405;https://raw.githubusercontent.com/PokeAPI/sprites/master/sprites/pokemon/294.png
295;exploud;15;840;https://raw.githubusercontent.com/PokeAPI/sprites/master/sprites/pokemon/295.png
296;makuhita;10;864;https://raw.githubusercontent.com/PokeAPI/sprites/master/sprites/pokemon/296.png
297;hariyama;23;2538;https://raw.githubusercontent.com/PokeAPI/sprites/master/sprites/pokemon/297.png
298;azurill;2;20;https://raw.githubusercontent.com/PokeAPI/sprites/master/sprites/pokemon/298.png
299;nosepass;10;970;https://raw.githubusercontent.com/PokeAPI/sprites/master/sprites/pokemon/299.png
300;skitty;6;110;https://raw.githubusercontent.com/PokeAPI/sprites/master/sprites/pokemon/300.png
301;delcatty;11;326;https://raw.githubusercontent.com/PokeAPI/sprites/master/sprites/pokemon/301.png
302;sableye;5;110;https://raw.githubusercontent.com/PokeAPI/sprites/master/sprites/pokemon/302.png
303;mawile;6;115;https://raw.githubusercontent.com/PokeAPI/sprites/master/sprites/pokemon/303.png
304;aron;4;600;https://raw.githubusercontent.com/PokeAPI/sprites/master/sprites/pokemon/304.png
305;lairon;9;1200;https://raw.githubusercontent.com/PokeAPI/sprites/master/sprites/pokemon/305.png
306;aggron;21;3600;https://raw.githubusercontent.com/PokeAPI/sprites/master/sprites/pokemon/306.png
307;meditite;6;112;https://raw.githubusercontent.com/PokeAPI/sprites/master/sprites/pokemon/307.png
308;medicham;13;315;https://raw.githubusercontent.com/PokeAPI/sprites/master/sprites/pokemon/308.png
309;electrike;6;152;https://raw.githubusercontent.com/PokeAPI/sprites/master/sprites/pokemon/309.png
310;manectric;15;402;https://raw.githubusercontent.com/PokeAPI/sprites/master/sprites/pokemon/310.png
311;plusle;4;42;https://raw.githubusercontent.com/PokeAPI/sprites/master/sprites/pokemon/311.png
312;minun;4;42;https://raw.githubusercontent.com/PokeAPI/sprites/master/sprites/pokemon/312.png
313;volbeat;7;177;https://raw.githubusercontent.com/PokeAPI/sprites/master/sprites/pokemon/313.png
314;illumise;6;177;https://raw.githubusercontent.com/PokeAPI/sprites/master/sprites/pokemon/314.png
315;roselia;3;20;https://raw.githubusercontent.com/PokeAPI/sprites/master/sprites/pokemon/315.png
316;gulpin;4;103;https://raw.githubusercontent.com/PokeAPI/sprites/master/sprites/pokemon/316.png
317;swalot;17;800;https://raw.githubusercontent.com/PokeAPI/sprites/master/sprites/pokemon/317.png
318;carvanha;8;208;https://raw.githubusercontent.com/PokeAPI/sprites/master/sprites/pokemon/318.png
319;sharpedo;18;888;https://raw.githubusercontent.com/PokeAPI/sprites/master/sprites/pokemon/319.png
320;wailmer;20;1300;https://raw.githubusercontent.com/PokeAPI/sprites/master/sprites/pokemon/320.png
321;wailord;145;3980;https://raw.githubusercontent.com/PokeAPI/sprites/master/sprites/pokemon/321.png
322;numel;7;240;https://raw.githubusercontent.com/PokeAPI/sprites/master/sprites/pokemon/322.png
323;camerupt;19;2200;https://raw.githubusercontent.com/PokeAPI/sprites/master/sprites/pokemon/323.png
324;torkoal;5;804;https://raw.githubusercontent.com/PokeAPI/sprites/master/sprites/pokemon/324.png
325;spoink;7;306;https://raw.githubusercontent.com/PokeAPI/sprites/master/sprites/pokemon/325.png
326;grumpig;9;715;https://raw.githubusercontent.com/PokeAPI/sprites/master/sprites/pokemon/326.png
327;spinda;11;50;https://raw.githubusercontent.com/PokeAPI/sprites/master/sprites/pokemon/327.png
328;trapinch;7;150;https://raw.githubusercontent.com/PokeAPI/sprites/master/sprites/pokemon/328.png
329;vibrava;11;153;https://raw.githubusercontent.com/PokeAPI/sprites/master/sprites/pokemon/329.png
330;flygon;20;820;https://raw.githubusercontent.com/PokeAPI/sprites/master/sprites/pokemon/330.png
331;cacnea;4;513;https://raw.githubusercontent.com/PokeAPI/sprites/master/sprites/pokemon/331.png
332;cacturne;13;774;https://raw.githubusercontent.com/PokeAPI/sprites/master/sprites/pokemon/332.png
333;swablu;4;12;https://raw.githubusercontent.com/PokeAPI/sprites/master/sprites/pokemon/333.png
334;altaria;11;206;https://raw.githubusercontent.com/PokeAPI/sprites/master/sprites/pokemon/334.png
335;zangoose;13;403;https://raw.githubusercontent.com/PokeAPI/sprites/master/sprites/pokemon/335.png
336;seviper;27;525;https://raw.githubusercontent.com/PokeAPI/sprites/master/sprites/pokemon/336.png
337;lunatone;10;1680;https://raw.githubusercontent.com/PokeAPI/sprites/master/sprites/pokemon/337.png
338;solrock;12;1540;https://raw.githubusercontent.com/PokeAPI/sprites/master/sprites/pokemon/338.png
339;barboach;4;19;https://raw.githubusercontent.com/PokeAPI/sprites/master/sprites/pokemon/339.png
340;whiscash;9;236;https://raw.githubusercontent.com/PokeAPI/sprites/master/sprites/pokemon/340.png
341;corphish;6;115;https://raw.githubusercontent.com/PokeAPI/sprites/master/sprites/pokemon/341.png
342;crawdaunt;11;328;https://raw.githubusercontent.com/PokeAPI/sprites/master/sprites/pokemon/342.png
343;baltoy;5;215;https://raw.githubusercontent.com/PokeAPI/sprites/master/sprites/pokemon/343.png
344;claydol;15;1080;https://raw.githubusercontent.com/PokeAPI/sprites/master/sprites/pokemon/344.png
345;lileep;10;238;https://raw.githubusercontent.com/PokeAPI/sprites/master/sprites/pokemon/345.png
346;cradily;15;604;https://raw.githubusercontent.com/PokeAPI/sprites/master/sprites/pokemon/346.png
347;anorith;7;125;https://raw.githubusercontent.com/PokeAPI/sprites/master/sprites/pokemon/347.png
348;armaldo;15;682;https://raw.githubusercontent.com/PokeAPI/sprites/master/sprites/pokemon/348.png
349;feebas;6;74;https://raw.githubusercontent.com/PokeAPI/sprites/master/sprites/pokemon/349.png
350;milotic;62;1620;https://raw.githubusercontent.com/PokeAPI/sprites/master/sprites/pokemon/350.png
351;castform;3;8;https://raw.githubusercontent.com/PokeAPI/sprites/master/sprites/pokemon/351.png
352;kecleon;10;220;https://raw.githubusercontent.com/PokeAPI/sprites/master/sprites/pokemon/352.png
353;shuppet;6;23;https://raw.githubusercontent.com/PokeAPI/sprites/master/sprites/pokemon/353.png
354;banette;11;125;https://raw.githubusercontent.com/PokeAPI/sprites/master/sprites/pokemon/354.png
355;duskull;8;150;https://raw.githubusercontent.com/PokeAPI/sprites/master/sprites/pokemon/355.png
356;dusclops;16;306;https://raw.githubusercontent.com/PokeAPI/sprites/master/sprites/pokemon/356.png
357;tropius;20;1000;https://raw.githubusercontent.com/PokeAPI/sprites/master/sprites/pokemon/357.png
358;chimecho;6;10;https://raw.githubusercontent.com/PokeAPI/sprites/master/sprites/pokemon/358.png
359;absol;12;470;https://raw.githubusercontent.com/PokeAPI/sprites/master/sprites/pokemon/359.png
360;wynaut;6;140;https://raw.githubusercontent.com/PokeAPI/sprites/master/sprites/pokemon/360.png
361;snorunt;7;168;https://raw.githubusercontent.com/PokeAPI/sprites/master/sprites/pokemon/361.png
362;glalie;15;2565;https://raw.githubusercontent.com/PokeAPI/sprites/master/sprites/pokemon/362.png
363;spheal;8;395;https://raw.githubusercontent.com/PokeAPI/sprites/master/sprites/pokemon/363.png
364;sealeo;11;876;https://raw.githubusercontent.com/PokeAPI/sprites/master/sprites/pokemon/364.png
365;walrein;14;1506;https://raw.githubusercontent.com/PokeAPI/sprites/master/sprites/pokemon/365.png
366;clamperl;4;525;https://raw.githubusercontent.com/PokeAPI/sprites/master/sprites/pokemon/366.png
367;huntail;17;270;https://raw.githubusercontent.com/PokeAPI/sprites/master/sprites/pokemon/367.png
368;gorebyss;18;226;https://raw.githubusercontent.com/PokeAPI/sprites/master/sprites/pokemon/368.png
369;relicanth;10;234;https://raw.githubusercontent.com/PokeAPI/sprites/master/sprites/pokemon/369.png
370;luvdisc;6;87;https://raw.githubusercontent.com/PokeAPI/sprites/master/sprites/pokemon/370.png
371;bagon;6;421;https://raw.githubusercontent.com/PokeAPI/sprites/master/sprites/pokemon/371.png
372;shelgon;11;1105;https://raw.githubusercontent.com/PokeAPI/sprites/master/sprites/pokemon/372.png
373;salamence;15;1026;https://raw.githubusercontent.com/PokeAPI/sprites/master/sprites/pokemon/373.png
374;beldum;6;952;https://raw.githubusercontent.com/PokeAPI/sprites/master/sprites/pokemon/374.png
375;metang;12;2025;https://raw.githubusercontent.com/PokeAPI/sprites/master/sprites/pokemon/375.png
376;metagross;16;5500;https://raw.githubusercontent.com/PokeAPI/sprites/master/sprites/pokemon/376.png
377;regirock;17;2300;https://raw.githubusercontent.com/PokeAPI/sprites/master/sprites/pokemon/377.png
378;regice;18;1750;https://raw.githubusercontent.com/PokeAPI/sprites/master/sprites/pokemon/378.png
379;registeel;19;2050;https://raw.githubusercontent.com/PokeAPI/sprites/master/sprites/pokemon/379.png
380;latias;14;400;https://raw.githubusercontent.com/PokeAPI/sprites/master/sprites/pokemon/380.png
381;latios;20;600;https://raw.githubusercontent.com/PokeAPI/sprites/master/sprites/pokemon/381.png
382;kyogre;45;3520;https://raw.githubusercontent.com/PokeAPI/sprites/master/sprites/pokemon/382.png
383;groudon;35;9500;https://raw.githubusercontent.com/PokeAPI/sprites/master/sprites/pokemon/383.png
384;rayquaza;70;2065;https://raw.githubusercontent.com/PokeAPI/sprites/master/sprites/pokemon/384.png
385;jirachi;3;11;https://raw.githubusercontent.com/PokeAPI/sprites/master/sprites/pokemon/385.png
386;deoxys-normal;17;608;https://raw.githubusercontent.com/PokeAPI/sprites/master/sprites/pokemon/386.png
387;turtwig;4;102;https://raw.githubusercontent.com/PokeAPI/sprites/master/sprites/pokemon/387.png
388;grotle;11;970;https://raw.githubusercontent.com/PokeAPI/sprites/master/sprites/pokemon/388.png
389;torterra;22;3100;https://raw.githubusercontent.com/PokeAPI/sprites/master/sprites/pokemon/389.png
390;chimchar;5;62;https://raw.githubusercontent.com/PokeAPI/sprites/master/sprites/pokemon/390.png
391;monferno;9;220;https://raw.githubusercontent.com/PokeAPI/sprites/master/sprites/pokemon/391.png
392;infernape;12;550;https://raw.githubusercontent.com/PokeAPI/sprites/master/sprites/pokemon/392.png
393;piplup;4;52;https://raw.githubusercontent.com/PokeAPI/sprites/master/sprites/pokemon/393.png
394;prinplup;8;230;https://raw.githubusercontent.com/PokeAPI/sprites/master/sprites/pokemon/394.png
395;empoleon;17;845;https://raw.githubusercontent.com/PokeAPI/sprites/master/sprites/pokemon/395.png
396;starly;3;20;https://raw.githubusercontent.com/PokeAPI/sprites/master/sprites/pokemon/396.png
397;staravia;6;155;https://raw.githubusercontent.com/PokeAPI/sprites/master/sprites/pokemon/397.png
398;staraptor;12;249;https://raw.githubusercontent.com/PokeAPI/sprites/master/sprites/pokemon/398.png
399;bidoof;5;200;https://raw.githubusercontent.com/PokeAPI/sprites/master/sprites/pokemon/399.png
400;bibarel;10;315;https://raw.githubusercontent.com/PokeAPI/sprites/master/sprites/pokemon/400.png
401;kricketot;3;22;https://raw.githubusercontent.com/PokeAPI/sprites/master/sprites/pokemon/401.png
402;kricketune;10;255;https://raw.githubusercontent.com/PokeAPI/sprites/master/sprites/pokemon/402.png
403;shinx;5;95;https://raw.githubusercontent.com/PokeAPI/sprites/master/sprites/pokemon/403.png
404;luxio;9;305;https://raw.githubusercontent.com/PokeAPI/sprites/master/sprites/pokemon/404.png
405;luxray;14;420;https://raw.githubusercontent.com/PokeAPI/sprites/master/sprites/pokemon/405.png
406;budew;2;12;https://raw.githubusercontent.com/PokeAPI/sprites/master/sprites/pokemon/406.png
407;roserade;9;145;https://raw.githubusercontent.com/PokeAPI/sprites/master/sprites/pokemon/407.png
408;cranidos;9;315;https://raw.githubusercontent.com/PokeAPI/sprites/master/sprites/pokemon/408.png
409;rampardos;16;1025;https://raw.githubusercontent.com/PokeAPI/sprites/master/sprites/pokemon/409.png
410;shieldon;5;570;https://raw.githubusercontent.com/PokeAPI/sprites/master/sprites/pokemon/410.png
411;bastiodon;13;1495;https://raw.githubusercontent.com/PokeAPI/sprites/master/sprites/pokemon/411.png
412;burmy;2;34;https://raw.githubusercontent.com/PokeAPI/sprites/master/sprites/pokemon/412.png
413;wormadam-plant;5;65;https://raw.githubusercontent.com/PokeAPI/sprites/master/sprites/pokemon/413.png
414;mothim;9;233;https://raw.githubusercontent.com/PokeAPI/sprites/master/sprites/pokemon/414.png
415;combee;3;55;https://raw.githubusercontent.com/PokeAPI/sprites/master/sprites/pokemon/415.png
416;vespiquen;12;385;https://raw.githubusercontent.com/PokeAPI/sprites/master/sprites/pokemon/416.png
417;pachirisu;4;39;https://raw.githubusercontent.com/PokeAPI/sprites/master/sprites/pokemon/417.png
418;buizel;7;295;https://raw.githubusercontent.com/PokeAPI/sprites/master/sprites/pokemon/418.png
419;floatzel;11;335;https://raw.githubusercontent.com/PokeAPI/sprites/master/sprites/pokemon/419.png
420;cherubi;4;33;https://raw.githubusercontent.com/PokeAPI/sprites/master/sprites/pokemon/420.png
421;cherrim;5;93;https://raw.githubusercontent.com/PokeAPI/sprites/master/sprites/pokemon/421.png
422;shellos;3;63;https://raw.githubusercontent.com/PokeAPI/sprites/master/sprites/pokemon/422.png
423;gastrodon;9;299;https://raw.githubusercontent.com/PokeAPI/sprites/master/sprites/pokemon/423.png
424;ambipom;12;203;https://raw.githubusercontent.com/PokeAPI/sprites/master/sprites/pokemon/424.png
425;drifloon;4;12;https://raw.githubusercontent.com/PokeAPI/sprites/master/sprites/pokemon/425.png
426;drifblim;12;150;https://raw.githubusercontent.com/PokeAPI/sprites/master/sprites/pokemon/426.png
427;buneary;4;55;https://raw.githubusercontent.com/PokeAPI/sprites/master/sprites/pokemon/427.png
428;lopunny;12;333;https://raw.githubusercontent.com/PokeAPI/sprites/master/sprites/pokemon/428.png
429;mismagius;9;44;https://raw.githubusercontent.com/PokeAPI/sprites/master/sprites/pokemon/429.png
430;honchkrow;9;273;https://raw.githubusercontent.com/PokeAPI/sprites/master/sprites/pokemon/430.png
431;glameow;5;39;https://raw.githubusercontent.com/PokeAPI/sprites/master/sprites/pokemon/431.png
432;purugly;10;438;https://raw.githubusercontent.com/PokeAPI/sprites/master/sprites/pokemon/432.png
433;chingling;2;6;https://raw.githubusercontent.com/PokeAPI/sprites/master/sprites/pokemon/433.png
434;stunky;4;192;https://raw.githubusercontent.com/PokeAPI/sprites/master/sprites/pokemon/434.png
435;skuntank;10;380;https://raw.githubusercontent.com/PokeAPI/sprites/master/sprites/pokemon/435.png
436;bronzor;5;605;https://raw.githubusercontent.com/PokeAPI/sprites/master/sprites/pokemon/436.png
437;bronzong;13;1870;https://raw.githubusercontent.com/PokeAPI/sprites/master/sprites/pokemon/437.png
438;bonsly;5;150;https://raw.githubusercontent.com/PokeAPI/sprites/master/sprites/pokemon/438.png
439;mime-jr;6;130;https://raw.githubusercontent.com/PokeAPI/sprites/master/sprites/pokemon/439.png
440;happiny;6;244;https://raw.githubusercontent.com/PokeAPI/sprites/master/sprites/pokemon/440.png
441;chatot;5;19;https://raw.githubusercontent.com/PokeAPI/sprites/master/sprites/pokemon/441.png
442;spiritomb;10;1080;https://raw.githubusercontent.com/PokeAPI/sprites/master/sprites/pokemon/442.png
443;gible;7;205;https://raw.githubusercontent.com/PokeAPI/sprites/master/sprites/pokemon/443.png
444;gabite;14;560;https://raw.githubusercontent.com/PokeAPI/sprites/master/sprites/pokemon/444.png
445;garchomp;19;950;https://raw.githubusercontent.com/PokeAPI/sprites/master/sprites/pokemon/445.png
446;munchlax;6;1050;https://raw.githubusercontent.com/PokeAPI/sprites/master/sprites/pokemon/446.png
447;riolu;7;202;https://raw.githubusercontent.com/PokeAPI/sprites/master/sprites/pokemon/447.png
448;lucario;12;540;https://raw.githubusercontent.com/PokeAPI/sprites/master/sprites/pokemon/448.png
449;hippopotas;8;495;https://raw.githubusercontent.com/PokeAPI/sprites/master/sprites/pokemon/449.png
450;hippowdon;20;3000;https://raw.githubusercontent.com/PokeAPI/sprites/master/sprites/pokemon/450.png
451;skorupi;8;120;https://raw.githubusercontent.com/PokeAPI/sprites/master/sprites/pokemon/451.png
452;drapion;13;615;https://raw.githubusercontent.com/PokeAPI/sprites/master/sprites/pokemon/452.png
453;croagunk;7;230;https://raw.githubusercontent.com/PokeAPI/sprites/master/sprites/pokemon/453.png
454;toxicroak;13;444;https://raw.githubusercontent.com/PokeAPI/sprites/master/sprites/pokemon/454.png
455;carnivine;14;270;https://raw.githubusercontent.com/PokeAPI/sprites/master/sprites/pokemon/455.png
456;finneon;4;70;https://raw.githubusercontent.com/PokeAPI/sprites/master/sprites/pokemon/456.png
457;lumineon;12;240;https://raw.githubusercontent.com/PokeAPI/sprites/master/sprites/pokemon/457.png
458;mantyke;10;650;https://raw.githubusercontent.com/PokeAPI/sprites/master/sprites/pokemon/458.png
459;snover;10;505;https://raw.githubusercontent.com/PokeAPI/sprites/master/sprites/pokemon/459.png
460;abomasnow;22;1355;https://raw.githubusercontent.com/PokeAPI/sprites/master/sprites/pokemon/460.png
461;weavile;11;340;https://raw.githubusercontent.com/PokeAPI/sprites/master/sprites/pokemon/461.png
462;magnezone;12;1800;https://raw.githubusercontent.com/PokeAPI/sprites/master/sprites/pokemon/462.png
463;lickilicky;17;1400;https://raw.githubusercontent.com/PokeAPI/sprites/master/sprites/pokemon/463.png
464;rhyperior;24;2828;https://raw.githubusercontent.com/PokeAPI/sprites/master/sprites/pokemon/464.png
465;tangrowth;20;1286;https://raw.githubusercontent.com/PokeAPI/sprites/master/sprites/pokemon/465.png
466;electivire;18;1386;https://raw.githubusercontent.com/PokeAPI/sprites/master/sprites/pokemon/466.png
467;magmortar;16;680;https://raw.githubusercontent.com/PokeAPI/sprites/master/sprites/pokemon/467.png
468;togekiss;15;380;https://raw.githubusercontent.com/PokeAPI/sprites/master/sprites/pokemon/468.png
469;yanmega;19;515;https://raw.githubusercontent.com/PokeAPI/sprites/master/sprites/pokemon/469.png
470;leafeon;10;255;https://raw.githubusercontent.com/PokeAPI/sprites/master/sprites/pokemon/470.png
471;glaceon;8;259;https://raw.githubusercontent.com/PokeAPI/sprites/master/sprites/pokemon/471.png
472;gliscor;20;425;https://raw.githubusercontent.com/PokeAPI/sprites/master/sprites/pokemon/472.png
473;mamoswine;25;2910;https://raw.githubusercontent.com/PokeAPI/sprites/master/sprites/pokemon/473.png
474;porygon-z;9;340;https://raw.githubusercontent.com/PokeAPI/sprites/master/sprites/pokemon/474.png
475;gallade;16;520;https://raw.githubusercontent.com/PokeAPI/sprites/master/sprites/pokemon/475.png
476;probopass;14;3400;https://raw.githubusercontent.com/PokeAPI/sprites/master/sprites/pokemon/476.png
477;dusknoir;22;1066;https://raw.githubusercontent.com/PokeAPI/sprites/master/sprites/pokemon/477.png
478;froslass;13;266;https://raw.githubusercontent.com/PokeAPI/sprites/master/sprites/pokemon/478.png
479;rotom;3;3;https://raw.githubusercontent.com/PokeAPI/sprites/master/sprites/pokemon/479.png
480;uxie;3;3;https://raw.githubusercontent.com/PokeAPI/sprites/master/sprites/pokemon/480.png
481;mesprit;3;3;https://raw.githubusercontent.com/PokeAPI/sprites/master/sprites/pokemon/481.png
482;azelf;3;3;https://raw.githubusercontent.com/PokeAPI/sprites/master/sprites/pokemon/482.png
483;dialga;54;6830;https://raw.githubusercontent.com/PokeAPI/sprites/master/sprites/pokemon/483.png
484;palkia;42;3360;https://raw.githubusercontent.com/PokeAPI/sprites/master/sprites/pokemon/484.png
485;heatran;17;4300;https://raw.githubusercontent.com/PokeAPI/sprites/master/sprites/pokemon/485.png
486;regigigas;37;4200;https://raw.githubusercontent.com/PokeAPI/sprites/master/sprites/pokemon/486.png
487;giratina-altered;45;7500;https://raw.githubusercontent.com/PokeAPI/sprites/master/sprites/pokemon/487.png
488;cresselia;15;856;https://raw.githubusercontent.com/PokeAPI/sprites/master/sprites/pokemon/488.png
489;phione;4;31;https://raw.githubusercontent.com/PokeAPI/sprites/master/sprites/pokemon/489.png
490;manaphy;3;14;https://raw.githubusercontent.com/PokeAPI/sprites/master/sprites/pokemon/490.png
491;darkrai;15;505;https://raw.githubusercontent.com/PokeAPI/sprites/master/sprites/pokemon/491.png
492;shaymin-land;2;21;https://raw.githubusercontent.com/PokeAPI/sprites/master/sprites/pokemon/492.png
493;arceus;32;3200;https://raw.githubusercontent.com/PokeAPI/sprites/master/sprites/pokemon/493.png
494;victini;4;40;https://raw.githubusercontent.com/PokeAPI/sprites/master/sprites/pokemon/494.png
495;snivy;6;81;https://raw.githubusercontent.com/PokeAPI/sprites/master/sprites/pokemon/495.png
496;servine;8;160;https://raw.githubusercontent.com/PokeAPI/sprites/master/sprites/pokemon/496.png
497;serperior;33;630;https://raw.githubusercontent.com/PokeAPI/sprites/master/sprites/pokemon/497.png
498;tepig;5;99;https://raw.githubusercontent.com/PokeAPI/sprites/master/sprites/pokemon/498.png
499;pignite;10;555;https://raw.githubusercontent.com/PokeAPI/sprites/master/sprites/pokemon/499.png
500;emboar;16;1500;https://raw.githubusercontent.com/PokeAPI/sprites/master/sprites/pokemon/500.png
501;oshawott;5;59;https://raw.githubusercontent.com/PokeAPI/sprites/master/sprites/pokemon/501.png
502;dewott;8;245;https://raw.githubusercontent.com/PokeAPI/sprites/master/sprites/pokemon/502.png
503;samurott;15;946;https://raw.githubusercontent.com/PokeAPI/sprites/master/sprites/pokemon/503.png
504;patrat;5;116;https://raw.githubusercontent.com/PokeAPI/sprites/master/sprites/pokemon/504.png
505;watchog;11;270;https://raw.githubusercontent.com/PokeAPI/sprites/master/sprites/pokemon/505.png
506;lillipup;4;41;https://raw.githubusercontent.com/PokeAPI/sprites/master/sprites/pokemon/506.png
507;herdier;9;147;https://raw.githubusercontent.com/PokeAPI/sprites/master/sprites/pokemon/507.png
508;stoutland;12;610;https://raw.githubusercontent.com/PokeAPI/sprites/master/sprites/pokemon/508.png
509;purrloin;4;101;https://raw.githubusercontent.com/PokeAPI/sprites/master/sprites/pokemon/509.png
510;liepard;11;375;https://raw.githubusercontent.com/PokeAPI/sprites/master/sprites/pokemon/510.png
511;pansage;6;105;https://raw.githubusercontent.com/PokeAPI/sprites/master/sprites/pokemon/511.png
512;simisage;11;305;https://raw.githubusercontent.com/PokeAPI/sprites/master/sprites/pokemon/512.png
513;pansear;6;110;https://raw.githubusercontent.com/PokeAPI/sprites/master/sprites/pokemon/513.png
514;simisear;10;280;https://raw.githubusercontent.com/PokeAPI/sprites/master/sprites/pokemon/514.png
515;panpour;6;135;https://raw.githubusercontent.com/PokeAPI/sprites/master/sprites/pokemon/515.png
516;simipour;10;290;https://raw.githubusercontent.com/PokeAPI/sprites/master/sprites/pokemon/516.png
517;munna;6;233;https://raw.githubusercontent.com/PokeAPI/sprites/master/sprites/pokemon/517.png
518;musharna;11;605;https://raw.githubusercontent.com/PokeAPI/sprites/master/sprites/pokemon/518.png
519;pidove;3;21;https://raw.githubusercontent.com/PokeAPI/sprites/master/sprites/pokemon/519.png
520;tranquill;6;150;https://raw.githubusercontent.com/PokeAPI/sprites/master/sprites/pokemon/520.png
521;unfezant;12;290;https://raw.githubusercontent.com/PokeAPI/sprites/master/sprites/pokemon/521.png
522;blitzle;8;298;https://raw.githubusercontent.com/PokeAPI/sprites/master/sprites/pokemon/522.png
523;zebstrika;16;795;https://raw.githubusercontent.com/PokeAPI/sprites/master/sprites/pokemon/523.png
524;roggenrola;4;180;https://raw.githubusercontent.com/PokeAPI/sprites/master/sprites/pokemon/524.png
525;boldore;9;1020;https://raw.githubusercontent.com/PokeAPI/sprites/master/sprites/pokemon/525.png
526;gigalith;17;2600;https://raw.githubusercontent.com/PokeAPI/sprites/master/sprites/pokemon/526.png
527;woobat;4;21;https://raw.githubusercontent.com/PokeAPI/sprites/master/sprites/pokemon/527.png
528;swoobat;9;105;https://raw.githubusercontent.com/PokeAPI/sprites/master/sprites/pokemon/528.png
529;drilbur;3;85;https://raw.githubusercontent.com/PokeAPI/sprites/master/sprites/pokemon/529.png
530;excadrill;7;404;https://raw.githubusercontent.com/PokeAPI/sprites/master/sprites/pokemon/530.png
531;audino;11;310;https://raw.githubusercontent.com/PokeAPI/sprites/master/sprites/pokemon/531.png
532;timburr;6;125;https://raw.githubusercontent.com/PokeAPI/sprites/master/sprites/pokemon/532.png
533;gurdurr;12;400;https://raw.githubusercontent.com/PokeAPI/sprites/master/sprites/pokemon/533.png
534;conkeldurr;14;870;https://raw.githubusercontent.com/PokeAPI/sprites/master/sprites/pokemon/534.png
535;tympole;5;45;https://raw.githubusercontent.com/PokeAPI/sprites/master/sprites/pokemon/535.png
536;palpitoad;8;170;https://raw.githubusercontent.com/PokeAPI/sprites/master/sprites/pokemon/536.png
537;seismitoad;15;620;https://raw.githubusercontent.com/PokeAPI/sprites/master/sprites/pokemon/537.png
538;throh;13;555;https://raw.githubusercontent.com/PokeAPI/sprites/master/sprites/pokemon/538.png
539;sawk;14;510;https://raw.githubusercontent.com/PokeAPI/sprites/master/sprites/pokemon/539.png
540;sewaddle;3;25;https://raw.githubusercontent.com/PokeAPI/sprites/master/sprites/pokemon/540.png
541;swadloon;5;73;https://raw.githubusercontent.com/PokeAPI/sprites/master/sprites/pokemon/541.png
542;leavanny;12;205;https://raw.githubusercontent.com/PokeAPI/sprites/master/sprites/pokemon/542.png
543;venipede;4;53;https://raw.githubusercontent.com/PokeAPI/sprites/master/sprites/pokemon/543.png
544;whirlipede;12;585;https://raw.githubusercontent.com/PokeAPI/sprites/master/sprites/pokemon/544.png
545;scolipede;25;2005;https://raw.githubusercontent.com/PokeAPI/sprites/master/sprites/pokemon/545.png
546;cottonee;3;6;https://raw.githubusercontent.com/PokeAPI/sprites/master/sprites/pokemon/546.png
547;whimsicott;7;66;https://raw.githubusercontent.com/PokeAPI/sprites/master/sprites/pokemon/547.png
548;petilil;5;66;https://raw.githubusercontent.com/PokeAPI/sprites/master/sprites/pokemon/548.png
549;lilligant;11;163;https://raw.githubusercontent.com/PokeAPI/sprites/master/sprites/pokemon/549.png
550;basculin-red-striped;10;180;https://raw.githubusercontent.com/PokeAPI/sprites/master/sprites/pokemon/550.png
551;sandile;7;152;https://raw.githubusercontent.com/PokeAPI/sprites/master/sprites/pokemon/551.png
552;krokorok;10;334;https://raw.githubusercontent.com/PokeAPI/sprites/master/sprites/pokemon/552.png
553;krookodile;15;963;https://raw.githubusercontent.com/PokeAPI/sprites/master/sprites/pokemon/553.png
554;darumaka;6;375;https://raw.githubusercontent.com/PokeAPI/sprites/master/sprites/pokemon/554.png
555;darmanitan-standard;13;929;https://raw.githubusercontent.com/PokeAPI/sprites/master/sprites/pokemon/555.png
556;maractus;10;280;https://raw.githubusercontent.com/PokeAPI/sprites/master/sprites/pokemon/556.png
557;dwebble;3;145;https://raw.githubusercontent.com/PokeAPI/sprites/master/sprites/pokemon/557.png
558;crustle;14;2000;https://raw.githubusercontent.com/PokeAPI/sprites/master/sprites/pokemon/558.png
559;scraggy;6;118;https://raw.githubusercontent.com/PokeAPI/sprites/master/sprites/pokemon/559.png
560;scrafty;11;300;https://raw.githubusercontent.com/PokeAPI/sprites/master/sprites/pokemon/560.png
561;sigilyph;14;140;https://raw.githubusercontent.com/PokeAPI/sprites/master/sprites/pokemon/561.png
562;yamask;5;15;https://raw.githubusercontent.com/PokeAPI/sprites/master/sprites/pokemon/562.png
563;cofagrigus;17;765;https://raw.githubusercontent.com/PokeAPI/sprites/master/sprites/pokemon/563.png
564;tirtouga;7;165;https://raw.githubusercontent.com/PokeAPI/sprites/master/sprites/pokemon/564.png
565;carracosta;12;810;https://raw.githubusercontent.com/PokeAPI/sprites/master/sprites/pokemon/565.png
566;archen;5;95;https://raw.githubusercontent.com/PokeAPI/sprites/master/sprites/pokemon/566.png
567;archeops;14;320;https://raw.githubusercontent.com/PokeAPI/sprites/master/sprites/pokemon/567.png
568;trubbish;6;310;https://raw.githubusercontent.com/PokeAPI/sprites/master/sprites/pokemon/568.png
569;garbodor;19;1073;https://raw.githubusercontent.com/PokeAPI/sprites/master/sprites/pokemon/569.png
570;zorua;7;125;https://raw.githubusercontent.com/PokeAPI/sprites/master/sprites/pokemon/570.png
571;zoroark;16;811;https://raw.githubusercontent.com/PokeAPI/sprites/master/sprites/pokemon/571.png
572;minccino;4;58;https://raw.githubusercontent.com/PokeAPI/sprites/master/sprites/pokemon/572.png
573;cinccino;5;75;https://raw.githubusercontent.com/PokeAPI/sprites/master/sprites/pokemon/573.png
574;gothita;4;58;https://raw.githubusercontent.com/PokeAPI/sprites/master/sprites/pokemon/574.png
575;gothorita;7;180;https://raw.githubusercontent.com/PokeAPI/sprites/master/sprites/pokemon/575.png
576;gothitelle;15;440;https://raw.githubusercontent.com/PokeAPI/sprites/master/sprites/pokemon/576.png
577;solosis;3;10;https://raw.githubusercontent.com/PokeAPI/sprites/master/sprites/pokemon/577.png
578;duosion;6;80;https://raw.githubusercontent.com/PokeAPI/sprites/master/sprites/pokemon/578.png
579;reuniclus;10;201;https://raw.githubusercontent.com/PokeAPI/sprites/master/sprites/pokemon/579.png
580;ducklett;5;55;https://raw.githubusercontent.com/PokeAPI/sprites/master/sprites/pokemon/580.png
581;swanna;13;242;https://raw.githubusercontent.com/PokeAPI/sprites/master/sprites/pokemon/581.png
582;vanillite;4;57;https://raw.githubusercontent.com/PokeAPI/sprites/master/sprites/pokemon/582.png
583;vanillish;11;410;https://raw.githubusercontent.com/PokeAPI/sprites/master/sprites/pokemon/583.png
584;vanilluxe;13;575;https://raw.githubusercontent.com/PokeAPI/sprites/master/sprites/pokemon/584.png
585;deerling;6;195;https://raw.githubusercontent.com/PokeAPI/sprites/master/sprites/pokemon/585.png
586;sawsbuck;19;925;https://raw.githubusercontent.com/PokeAPI/sprites/master/sprites/pokemon/586.png
587;emolga;4;50;https://raw.githubusercontent.com/PokeAPI/sprites/master/sprites/pokemon/587.png
588;karrablast;5;59;https://raw.githubusercontent.com/PokeAPI/sprites/master/sprites/pokemon/588.png
589;escavalier;10;330;https://raw.githubusercontent.com/PokeAPI/sprites/master/sprites/pokemon/589.png
590;foongus;2;10;https://raw.githubusercontent.com/PokeAPI/sprites/master/sprites/pokemon/590.png
591;amoonguss;6;105;https://raw.githubusercontent.com/PokeAPI/sprites/master/sprites/pokemon/591.png
592;frillish;12;330;https://raw.githubusercontent.com/PokeAPI/sprites/master/sprites/pokemon/592.png
593;jellicent;22;1350;https://raw.githubusercontent.com/PokeAPI/sprites/master/sprites/pokemon/593.png
594;alomomola;12;316;https://raw.githubusercontent.com/PokeAPI/sprites/master/sprites/pokemon/594.png
595;joltik;1;6;https://raw.githubusercontent.com/PokeAPI/sprites/master/sprites/pokemon/595.png
596;galvantula;8;143;https://raw.githubusercontent.com/PokeAPI/sprites/master/sprites/pokemon/596.png
597;ferroseed;6;188;https://raw.githubusercontent.com/PokeAPI/sprites/master/sprites/pokemon/597.png
598;ferrothorn;10;1100;https://raw.githubusercontent.com/PokeAPI/sprites/master/sprites/pokemon/598.png
599;klink;3;210;https://raw.githubusercontent.com/PokeAPI/sprites/master/sprites/pokemon/599.png
600;klang;6;510;https://raw.githubusercontent.com/PokeAPI/sprites/master/sprites/pokemon/600.png
601;klinklang;6;810;https://raw.githubusercontent.com/PokeAPI/sprites/master/sprites/pokemon/601.png
602;tynamo;2;3;https://raw.githubusercontent.com/PokeAPI/sprites/master/sprites/pokemon/602.png
603;eelektrik;12;220;https://raw.githubusercontent.com/PokeAPI/sprites/master/sprites/pokemon/603.png
604;eelektross;21;805;https://raw.githubusercontent.com/PokeAPI/sprites/master/sprites/pokemon/604.png
605;elgyem;5;90;https://raw.githubusercontent.com/PokeAPI/sprites/master/sprites/pokemon/605.png
606;beheeyem;10;345;https://raw.githubusercontent.com/PokeAPI/sprites/master/sprites/pokemon/606.png
607;litwick;3;31;https://raw.githubusercontent.com/PokeAPI/sprites/master/sprites/pokemon/607.png
608;lampent;6;130;https://raw.githubusercontent.com/PokeAPI/sprites/master/sprites/pokemon/608.png
609;chandelure;10;343;https://raw.githubusercontent.com/PokeAPI/sprites/master/sprites/pokemon/609.png
610;axew;6;180;https://raw.githubusercontent.com/PokeAPI/sprites/master/sprites/pokemon/610.png
611;fraxure;10;360;https://raw.githubusercontent.com/PokeAPI/sprites/master/sprites/pokemon/611.png
612;haxorus;18;1055;https://raw.githubusercontent.com/PokeAPI/sprites/master/sprites/pokemon/612.png
613;cubchoo;5;85;https://raw.githubusercontent.com/PokeAPI/sprites/master/sprites/pokemon/613.png
614;beartic;26;2600;https://raw.githubusercontent.com/PokeAPI/sprites/master/sprites/pokemon/614.png
615;cryogonal;11;1480;https://raw.githubusercontent.com/PokeAPI/sprites/master/sprites/pokemon/615.png
616;shelmet;4;77;https://raw.githubusercontent.com/PokeAPI/sprites/master/sprites/pokemon/616.png
617;accelgor;8;253;https://raw.githubusercontent.com/PokeAPI/sprites/master/sprites/pokemon/617.png
618;stunfisk;7;110;https://raw.githubusercontent.com/PokeAPI/sprites/master/sprites/pokemon/618.png
619;mienfoo;9;200;https://raw.githubusercontent.com/PokeAPI/sprites/master/sprites/pokemon/619.png
620;mienshao;14;355;https://raw.githubusercontent.com/PokeAPI/sprites/master/sprites/pokemon/620.png
621;druddigon;16;1390;https://raw.githubusercontent.com/PokeAPI/sprites/master/sprites/pokemon/621.png
622;golett;10;920;https://raw.githubusercontent.com/PokeAPI/sprites/master/sprites/pokemon/622.png
623;golurk;28;3300;https://raw.githubusercontent.com/PokeAPI/sprites/master/sprites/pokemon/623.png
624;pawniard;5;102;https://raw.githubusercontent.com/PokeAPI/sprites/master/sprites/pokemon/624.png
625;bisharp;16;700;https://raw.githubusercontent.com/PokeAPI/sprites/master/sprites/pokemon/625.png
626;bouffalant;16;946;https://raw.githubusercontent.com/PokeAPI/sprites/master/sprites/pokemon/626.png
627;rufflet;5;105;https://raw.githubusercontent.com/PokeAPI/sprites/master/sprites/pokemon/627.png
628;braviary;15;410;https://raw.githubusercontent.com/PokeAPI/sprites/master/sprites/pokemon/628.png
629;vullaby;5;90;https://raw.githubusercontent.com/PokeAPI/sprites/master/sprites/pokemon/629.png
630;mandibuzz;12;395;https://raw.githubusercontent.com/PokeAPI/sprites/master/sprites/pokemon/630.png
631;heatmor;14;580;https://raw.githubusercontent.com/PokeAPI/sprites/master/sprites/pokemon/631.png
632;durant;3;330;https://raw.githubusercontent.com/PokeAPI/sprites/master/sprites/pokemon/632.png
633;deino;8;173;https://raw.githubusercontent.com/PokeAPI/sprites/master/sprites/pokemon/633.png
634;zweilous;14;500;https://raw.githubusercontent.com/PokeAPI/sprites/master/sprites/pokemon/634.png
635;hydreigon;18;1600;https://raw.githubusercontent.com/PokeAPI/sprites/master/sprites/pokemon/635.png
636;larvesta;11;288;https://raw.githubusercontent.com/PokeAPI/sprites/master/sprites/pokemon/636.png
637;volcarona;16;460;https://raw.githubusercontent.com/PokeAPI/sprites/master/sprites/pokemon/637.png
638;cobalion;21;2500;https://raw.githubusercontent.com/PokeAPI/sprites/master/sprites/pokemon/638.png
639;terrakion;19;2600;https://raw.githubusercontent.com/PokeAPI/sprites/master/sprites/pokemon/639.png
640;virizion;20;2000;https://raw.githubusercontent.com/PokeAPI/sprites/master/sprites/pokemon/640.png
641;tornadus-incarnate;15;630;https://raw.githubusercontent.com/PokeAPI/sprites/master/sprites/pokemon/641.png
642;thundurus-incarnate;15;610;https://raw.githubusercontent.com/PokeAPI/sprites/master/sprites/pokemon/642.png
643;reshiram;32;3300;https://raw.githubusercontent.com/PokeAPI/sprites/master/sprites/pokemon/643.png
644;zekrom;29;3450;https://raw.githubusercontent.com/PokeAPI/sprites/master/sprites/pokemon/644.png
645;landorus-incarnate;15;680;https://raw.githubusercontent.com/PokeAPI/sprites/master/sprites/pokemon/645.png
646;kyurem;30;3250;https://raw.githubusercontent.com/PokeAPI/sprites/master/sprites/pokemon/646.png
647;keldeo-ordinary;14;485;https://raw.githubusercontent.com/PokeAPI/sprites/master/sprites/pokemon/647.png
648;meloetta-aria;6;65;https://raw.githubusercontent.com/PokeAPI/sprites/master/sprites/pokemon/648.png
649;genesect;15;825;https://raw.githubusercontent.com/PokeAPI/sprites/master/sprites/pokemon/649.png
650;chespin;4;90;https://raw.githubusercontent.com/PokeAPI/sprites/master/sprites/pokemon/650.png
651;quilladin;7;290;https://raw.githubusercontent.com/PokeAPI/sprites/master/sprites/pokemon/651.png
652;chesnaught;16;900;https://raw.githubusercontent.com/PokeAPI/sprites/master/sprites/pokemon/652.png
653;fennekin;4;94;https://raw.githubusercontent.com/PokeAPI/sprites/master/sprites/pokemon/653.png
654;braixen;10;145;https://raw.githubusercontent.com/PokeAPI/sprites/master/sprites/pokemon/654.png
655;delphox;15;390;https://raw.githubusercontent.com/PokeAPI/sprites/master/sprites/pokemon/655.png
656;froakie;3;70;https://raw.githubusercontent.com/PokeAPI/sprites/master/sprites/pokemon/656.png
657;frogadier;6;109;https://raw.githubusercontent.com/PokeAPI/sprites/master/sprites/pokemon/657.png
658;greninja;15;400;https://raw.githubusercontent.com/PokeAPI/sprites/master/sprites/pokemon/658.png
659;bunnelby;4;50;https://raw.githubusercontent.com/PokeAPI/sprites/master/sprites/pokemon/659.png
660;diggersby;10;424;https://raw.githubusercontent.com/PokeAPI/sprites/master/sprites/pokemon/660.png
661;fletchling;3;17;https://raw.githubusercontent.com/PokeAPI/sprites/master/sprites/pokemon/661.png
662;fletchinder;7;160;https://raw.githubusercontent.com/PokeAPI/sprites/master/sprites/pokemon/662.png
663;talonflame;12;245;https://raw.githubusercontent.com/PokeAPI/sprites/master/sprites/pokemon/663.png
664;scatterbug;3;25;https://raw.githubusercontent.com/PokeAPI/sprites/master/sprites/pokemon/664.png
665;spewpa;3;84;https://raw.githubusercontent.com/PokeAPI/sprites/master/sprites/pokemon/665.png
666;vivillon;12;170;https://raw.githubusercontent.com/PokeAPI/sprites/master/sprites/pokemon/666.png
667;litleo;6;135;https://raw.githubusercontent.com/PokeAPI/sprites/master/sprites/pokemon/667.png
668;pyroar;15;815;https://raw.githubusercontent.com/PokeAPI/sprites/master/sprites/pokemon/668.png
669;flabebe;1;1;https://raw.githubusercontent.com/PokeAPI/sprites/master/sprites/pokemon/669.png
670;floette;2;9;https://raw.githubusercontent.com/PokeAPI/sprites/master/sprites/pokemon/670.png
671;florges;11;100;https://raw.githubusercontent.com/PokeAPI/sprites/master/sprites/pokemon/671.png
672;skiddo;9;310;https://raw.githubusercontent.com/PokeAPI/sprites/master/sprites/pokemon/672.png
673;gogoat;17;910;https://raw.githubusercontent.com/PokeAPI/sprites/master/sprites/pokemon/673.png
674;pancham;6;80;https://raw.githubusercontent.com/PokeAPI/sprites/master/sprites/pokemon/674.png
675;pangoro;21;1360;https://raw.githubusercontent.com/PokeAPI/sprites/master/sprites/pokemon/675.png
676;furfrou;12;280;https://raw.githubusercontent.com/PokeAPI/sprites/master/sprites/pokemon/676.png
677;espurr;3;35;https://raw.githubusercontent.com/PokeAPI/sprites/master/sprites/pokemon/677.png
678;meowstic-male;6;85;https://raw.githubusercontent.com/PokeAPI/sprites/master/sprites/pokemon/678.png
679;honedge;8;20;https://raw.githubusercontent.com/PokeAPI/sprites/master/sprites/pokemon/679.png
680;doublade;8;45;https://raw.githubusercontent.com/PokeAPI/sprites/master/sprites/pokemon/680.png
681;aegislash-shield;17;530;https://raw.githubusercontent.com/PokeAPI/sprites/master/sprites/pokemon/681.png
682;spritzee;2;5;https://raw.githubusercontent.com/PokeAPI/sprites/master/sprites/pokemon/682.png
683;aromatisse;8;155;https://raw.githubusercontent.com/PokeAPI/sprites/master/sprites/pokemon/683.png
684;swirlix;4;35;https://raw.githubusercontent.com/PokeAPI/sprites/master/sprites/pokemon/684.png
685;slurpuff;8;50;https://raw.githubusercontent.com/PokeAPI/sprites/master/sprites/pokemon/685.png
686;inkay;4;35;https://raw.githubusercontent.com/PokeAPI/sprites/master/sprites/pokemon/686.png
687;malamar;15;470;https://raw.githubusercontent.com/PokeAPI/sprites/master/sprites/pokemon/687.png
688;binacle;5;310;https://raw.githubusercontent.com/PokeAPI/sprites/master/sprites/pokemon/688.png
689;barbaracle;13;960;https://raw.githubusercontent.com/PokeAPI/sprites/master/sprites/pokemon/689.png
690;skrelp;5;73;https://raw.githubusercontent.com/PokeAPI/sprites/master/sprites/pokemon/690.png
691;dragalge;18;815;https://raw.githubusercontent.com/PokeAPI/sprites/master/sprites/pokemon/691.png
692;clauncher;5;83;https://raw.githubusercontent.com/PokeAPI/sprites/master/sprites/pokemon/692.png
693;clawitzer;13;353;https://raw.githubusercontent.com/PokeAPI/sprites/master/sprites/pokemon/693.png
694;helioptile;5;60;https://raw.githubusercontent.com/PokeAPI/sprites/master/sprites/pokemon/694.png
695;heliolisk;10;210;https://raw.githubusercontent.com/PokeAPI/sprites/master/sprites/pokemon/695.png
696;tyrunt;8;260;https://raw.githubusercontent.com/PokeAPI/sprites/master/sprites/pokemon/696.png
697;tyrantrum;25;2700;https://raw.githubusercontent.com/PokeAPI/sprites/master/sprites/pokemon/697.png
698;amaura;13;252;https://raw.githubusercontent.com/PokeAPI/sprites/master/sprites/pokemon/698.png
699;aurorus;27;2250;https://raw.githubusercontent.com/PokeAPI/sprites/master/sprites/pokemon/699.png
700;sylveon;10;235;https://raw.githubusercontent.com/PokeAPI/sprites/master/sprites/pokemon/700.png
701;hawlucha;8;215;https://raw.githubusercontent.com/PokeAPI/sprites/master/sprites/pokemon/701.png
702;dedenne;2;22;https://raw.githubusercontent.com/PokeAPI/sprites/master/sprites/pokemon/702.png
703;carbink;3;57;https://raw.githubusercontent.com/PokeAPI/sprites/master/sprites/pokemon/703.png
704;goomy;3;28;https://raw.githubusercontent.com/PokeAPI/sprites/master/sprites/pokemon/704.png
705;sliggoo;8;175;https://raw.githubusercontent.com/PokeAPI/sprites/master/sprites/pokemon/705.png
706;goodra;20;1505;https://raw.githubusercontent.com/PokeAPI/sprites/master/sprites/pokemon/706.png
707;klefki;2;30;https://raw.githubusercontent.com/PokeAPI/sprites/master/sprites/pokemon/707.png
708;phantump;4;70;https://raw.githubusercontent.com/PokeAPI/sprites/master/sprites/pokemon/708.png
709;trevenant;15;710;https://raw.githubusercontent.com/PokeAPI/sprites/master/sprites/pokemon/709.png
710;pumpkaboo-average;4;50;https://raw.githubusercontent.com/PokeAPI/sprites/master/sprites/pokemon/710.png
711;gourgeist-average;9;125;https://raw.githubusercontent.com/PokeAPI/sprites/master/sprites/pokemon/711.png
712;bergmite;10;995;https://raw.githubusercontent.com/PokeAPI/sprites/master/sprites/pokemon/712.png
713;avalugg;20;5050;https://raw.githubusercontent.com/PokeAPI/sprites/master/sprites/pokemon/713.png
714;noibat;5;80;https://raw.githubusercontent.com/PokeAPI/sprites/master/sprites/pokemon/714.png
715;noivern;15;850;https://raw.githubusercontent.com/PokeAPI/sprites/master/sprites/pokemon/715.png
716;xerneas;30;2150;https://raw.githubusercontent.com/PokeAPI/sprites/master/sprites/pokemon/716.png
717;yveltal;58;2030;https://raw.githubusercontent.com/PokeAPI/sprites/master/sprites/pokemon/717.png
718;zygarde-50;50;3050;https://raw.githubusercontent.com/PokeAPI/sprites/master/sprites/pokemon/718.png
719;diancie;7;88;https://raw.githubusercontent.com/PokeAPI/sprites/master/sprites/pokemon/719.png
720;hoopa;5;90;https://raw.githubusercontent.com/PokeAPI/sprites/master/sprites/pokemon/720.png
721;volcanion;17;1950;https://raw.githubusercontent.com/PokeAPI/sprites/master/sprites/pokemon/721.png
722;rowlet;3;15;https://raw.githubusercontent.com/PokeAPI/sprites/master/sprites/pokemon/722.png
723;dartrix;7;160;https://raw.githubusercontent.com/PokeAPI/sprites/master/sprites/pokemon/723.png
724;decidueye;16;366;https://raw.githubusercontent.com/PokeAPI/sprites/master/sprites/pokemon/724.png
725;litten;4;43;https://raw.githubusercontent.com/PokeAPI/sprites/master/sprites/pokemon/725.png
726;torracat;7;250;https://raw.githubusercontent.com/PokeAPI/sprites/master/sprites/pokemon/726.png
727;incineroar;18;830;https://raw.githubusercontent.com/PokeAPI/sprites/master/sprites/pokemon/727.png
728;popplio;4;75;https://raw.githubusercontent.com/PokeAPI/sprites/master/sprites/pokemon/728.png
729;brionne;6;175;https://raw.githubusercontent.com/PokeAPI/sprites/master/sprites/pokemon/729.png
730;primarina;18;440;https://raw.githubusercontent.com/PokeAPI/sprites/master/sprites/pokemon/730.png
731;pikipek;3;12;https://raw.githubusercontent.com/PokeAPI/sprites/master/sprites/pokemon/731.png
732;trumbeak;6;148;https://raw.githubusercontent.com/PokeAPI/sprites/master/sprites/pokemon/732.png
733;toucannon;11;260;https://raw.githubusercontent.com/PokeAPI/sprites/master/sprites/pokemon/733.png
734;yungoos;4;60;https://raw.githubusercontent.com/PokeAPI/sprites/master/sprites/pokemon/734.png
735;gumshoos;7;142;https://raw.githubusercontent.com/PokeAPI/sprites/master/sprites/pokemon/735.png
736;grubbin;4;44;https://raw.githubusercontent.com/PokeAPI/sprites/master/sprites/pokemon/736.png
737;charjabug;5;105;https://raw.githubusercontent.com/PokeAPI/sprites/master/sprites/pokemon/737.png
738;vikavolt;15;450;https://raw.githubusercontent.com/PokeAPI/sprites/master/sprites/pokemon/738.png
739;crabrawler;6;70;https://raw.githubusercontent.com/PokeAPI/sprites/master/sprites/pokemon/739.png
740;crabominable;17;1800;https://raw.githubusercontent.com/PokeAPI/sprites/master/sprites/pokemon/740.png
741;oricorio-baile;6;34;https://raw.githubusercontent.com/PokeAPI/sprites/master/sprites/pokemon/741.png
742;cutiefly;1;2;https://raw.githubusercontent.com/PokeAPI/sprites/master/sprites/pokemon/742.png
743;ribombee;2;5;https://raw.githubusercontent.com/PokeAPI/sprites/master/sprites/pokemon/743.png
744;rockruff;5;92;https://raw.githubusercontent.com/PokeAPI/sprites/master/sprites/pokemon/744.png
745;lycanroc-midday;8;250;https://raw.githubusercontent.com/PokeAPI/sprites/master/sprites/pokemon/745.png
746;wishiwashi-solo;2;3;https://raw.githubusercontent.com/PokeAPI/sprites/master/sprites/pokemon/746.png
747;mareanie;4;80;https://raw.githubusercontent.com/PokeAPI/sprites/master/sprites/pokemon/747.png
748;toxapex;7;145;https://raw.githubusercontent.com/PokeAPI/sprites/master/sprites/pokemon/748.png
749;mudbray;10;1100;https://raw.githubusercontent.com/PokeAPI/sprites/master/sprites/pokemon/749.png
750;mudsdale;25;9200;https://raw.githubusercontent.com/PokeAPI/sprites/master/sprites/pokemon/750.png
751;dewpider;3;40;https://raw.githubusercontent.com/PokeAPI/sprites/master/sprites/pokemon/751.png
752;araquanid;18;820;https://raw.githubusercontent.com/PokeAPI/sprites/master/sprites/pokemon/752.png
753;fomantis;3;15;https://raw.githubusercontent.com/PokeAPI/sprites/master/sprites/pokemon/753.png
754;lurantis;9;185;https://raw.githubusercontent.com/PokeAPI/sprites/master/sprites/pokemon/754.png
755;morelull;2;15;https://raw.githubusercontent.com/PokeAPI/sprites/master/sprites/pokemon/755.png
756;shiinotic;10;115;https://raw.githubusercontent.com/PokeAPI/sprites/master/sprites/pokemon/756.png
757;salandit;6;48;https://raw.githubusercontent.com/PokeAPI/sprites/master/sprites/pokemon/757.png
758;salazzle;12;222;https://raw.githubusercontent.com/PokeAPI/sprites/master/sprites/pokemon/758.png
759;stufful;5;68;https://raw.githubusercontent.com/PokeAPI/sprites/master/sprites/pokemon/759.png
760;bewear;21;1350;https://raw.githubusercontent.com/PokeAPI/sprites/master/sprites/pokemon/760.png
761;bounsweet;3;32;https://raw.githubusercontent.com/PokeAPI/sprites/master/sprites/pokemon/761.png
762;steenee;7;82;https://raw.githubusercontent.com/PokeAPI/sprites/master/sprites/pokemon/762.png
763;tsareena;12;214;https://raw.githubusercontent.com/PokeAPI/sprites/master/sprites/pokemon/763.png
764;comfey;1;3;https://raw.githubusercontent.com/PokeAPI/sprites/master/sprites/pokemon/764.png
765;oranguru;15;760;https://raw.githubusercontent.com/PokeAPI/sprites/master/sprites/pokemon/765.png
766;passimian;20;828;https://raw.githubusercontent.com/PokeAPI/sprites/master/sprites/pokemon/766.png
767;wimpod;5;120;https://raw.githubusercontent.com/PokeAPI/sprites/master/sprites/pokemon/767.png
768;golisopod;20;1080;https://raw.githubusercontent.com/PokeAPI/sprites/master/sprites/pokemon/768.png
769;sandygast;5;700;https://raw.githubusercontent.com/PokeAPI/sprites/master/sprites/pokemon/769.png
770;palossand;13;2500;https://raw.githubusercontent.com/PokeAPI/sprites/master/sprites/pokemon/770.png
771;pyukumuku;3;12;https://raw.githubusercontent.com/PokeAPI/sprites/master/sprites/pokemon/771.png
772;type-null;19;1205;https://raw.githubusercontent.com/PokeAPI/sprites/master/sprites/pokemon/772.png
773;silvally;23;1005;https://raw.githubusercontent.com/PokeAPI/sprites/master/sprites/pokemon/773.png
774;minior-red-meteor;3;400;https://raw.githubusercontent.com/PokeAPI/sprites/master/sprites/pokemon/774.png
775;komala;4;199;https://raw.githubusercontent.com/PokeAPI/sprites/master/sprites/pokemon/775.png
776;turtonator;20;2120;https://raw.githubusercontent.com/PokeAPI/sprites/master/sprites/pokemon/776.png
777;togedemaru;3;33;https://raw.githubusercontent.com/PokeAPI/sprites/master/sprites/pokemon/777.png
778;mimikyu-disguised;2;7;https://raw.githubusercontent.com/PokeAPI/sprites/master/sprites/pokemon/778.png
779;bruxish;9;190;https://raw.githubusercontent.com/PokeAPI/sprites/master/sprites/pokemon/779.png
780;drampa;30;1850;https://raw.githubusercontent.com/PokeAPI/sprites/master/sprites/pokemon/780.png
781;dhelmise;39;2100;https://raw.githubusercontent.com/PokeAPI/sprites/master/sprites/pokemon/781.png
782;jangmo-o;6;297;https://raw.githubusercontent.com/PokeAPI/sprites/master/sprites/pokemon/782.png
783;hakamo-o;12;470;https://raw.githubusercontent.com/PokeAPI/sprites/master/sprites/pokemon/783.png
784;kommo-o;16;782;https://raw.githubusercontent.com/PokeAPI/sprites/master/sprites/pokemon/784.png
785;tapu-koko;18;205;https://raw.githubusercontent.com/PokeAPI/sprites/master/sprites/pokemon/785.png
786;tapu-lele;12;186;https://raw.githubusercontent.com/PokeAPI/sprites/master/sprites/pokemon/786.png
787;tapu-bulu;19;455;https://raw.githubusercontent.com/PokeAPI/sprites/master/sprites/pokemon/787.png
788;tapu-fini;13;212;https://raw.githubusercontent.com/PokeAPI/sprites/master/sprites/pokemon/788.png
789;cosmog;2;1;https://raw.githubusercontent.com/PokeAPI/sprites/master/sprites/pokemon/789.png
790;cosmoem;1;9999;https://raw.githubusercontent.com/PokeAPI/sprites/master/sprites/pokemon/790.png
791;solgaleo;34;2300;https://raw.githubusercontent.com/PokeAPI/sprites/master/sprites/pokemon/791.png
792;lunala;40;1200;https://raw.githubusercontent.com/PokeAPI/sprites/master/sprites/pokemon/792.png
793;nihilego;12;555;https://raw.githubusercontent.com/PokeAPI/sprites/master/sprites/pokemon/793.png
794;buzzwole;24;3336;https://raw.githubusercontent.com/PokeAPI/sprites/master/sprites/pokemon/794.png
795;pheromosa;18;250;https://raw.githubusercontent.com/PokeAPI/sprites/master/sprites/pokemon/795.png
796;xurkitree;38;1000;https://raw.githubusercontent.com/PokeAPI/sprites/master/sprites/pokemon/796.png
797;celesteela;92;9999;https://raw.githubusercontent.com/PokeAPI/sprites/master/sprites/pokemon/797.png
798;kartana;3;1;https://raw.githubusercontent.com/PokeAPI/sprites/master/sprites/pokemon/798.png
799;guzzlord;55;8880;https://raw.githubusercontent.com/PokeAPI/sprites/master/sprites/pokemon/799.png
800;necrozma;24;2300;https://raw.githubusercontent.com/PokeAPI/sprites/master/sprites/pokemon/800.png
801;magearna;10;805;https://raw.githubusercontent.com/PokeAPI/sprites/master/sprites/pokemon/801.png
802;marshadow;7;222;https://raw.githubusercontent.com/PokeAPI/sprites/master/sprites/pokemon/802.png
803;poipole;6;18;https://raw.githubusercontent.com/PokeAPI/sprites/master/sprites/pokemon/803.png
804;naganadel;36;1500;https://raw.githubusercontent.com/PokeAPI/sprites/master/sprites/pokemon/804.png
805;stakataka;55;8200;https://raw.githubusercontent.com/PokeAPI/sprites/master/sprites/pokemon/805.png
806;blacephalon;18;130;https://raw.githubusercontent.com/PokeAPI/sprites/master/sprites/pokemon/806.png
807;zeraora;15;445;https://raw.githubusercontent.com/PokeAPI/sprites/master/sprites/pokemon/807.png
808;meltan;2;80;https://raw.githubusercontent.com/PokeAPI/sprites/master/sprites/pokemon/808.png
809;melmetal;25;8000;https://raw.githubusercontent.com/PokeAPI/sprites/master/sprites/pokemon/809.png
810;grookey;3;50;https://raw.githubusercontent.com/PokeAPI/sprites/master/sprites/pokemon/810.png
811;thwackey;7;140;https://raw.githubusercontent.com/PokeAPI/sprites/master/sprites/pokemon/811.png
812;rillaboom;21;900;https://raw.githubusercontent.com/PokeAPI/sprites/master/sprites/pokemon/812.png
813;scorbunny;3;45;https://raw.githubusercontent.com/PokeAPI/sprites/master/sprites/pokemon/813.png
814;raboot;6;90;https://raw.githubusercontent.com/PokeAPI/sprites/master/sprites/pokemon/814.png
815;cinderace;14;330;https://raw.githubusercontent.com/PokeAPI/sprites/master/sprites/pokemon/815.png
816;sobble;3;40;https://raw.githubusercontent.com/PokeAPI/sprites/master/sprites/pokemon/816.png
817;drizzile;7;115;https://raw.githubusercontent.com/PokeAPI/sprites/master/sprites/pokemon/817.png
818;inteleon;19;452;https://raw.githubusercontent.com/PokeAPI/sprites/master/sprites/pokemon/818.png
819;skwovet;3;25;https://raw.githubusercontent.com/PokeAPI/sprites/master/sprites/pokemon/819.png
820;greedent;6;60;https://raw.githubusercontent.com/PokeAPI/sprites/master/sprites/pokemon/820.png
821;rookidee;2;18;https://raw.githubusercontent.com/PokeAPI/sprites/master/sprites/pokemon/821.png
822;corvisquire;8;160;https://raw.githubusercontent.com/PokeAPI/sprites/master/sprites/pokemon/822.png
823;corviknight;22;750;https://raw.githubusercontent.com/PokeAPI/sprites/master/sprites/pokemon/823.png
824;blipbug;4;80;https://raw.githubusercontent.com/PokeAPI/sprites/master/sprites/pokemon/824.png
825;dottler;4;195;https://raw.githubusercontent.com/PokeAPI/sprites/master/sprites/pokemon/825.png
826;orbeetle;4;408;https://raw.githubusercontent.com/PokeAPI/sprites/master/sprites/pokemon/826.png
827;nickit;6;89;https://raw.githubusercontent.com/PokeAPI/sprites/master/sprites/pokemon/827.png
828;thievul;12;199;https://raw.githubusercontent.com/PokeAPI/sprites/master/sprites/pokemon/828.png
829;gossifleur;4;22;https://raw.githubusercontent.com/PokeAPI/sprites/master/sprites/pokemon/829.png
830;eldegoss;5;25;https://raw.githubusercontent.com/PokeAPI/sprites/master/sprites/pokemon/830.png
831;wooloo;6;60;https://raw.githubusercontent.com/PokeAPI/sprites/master/sprites/pokemon/831.png
832;dubwool;13;430;https://raw.githubusercontent.com/PokeAPI/sprites/master/sprites/pokemon/832.png
833;chewtle;3;85;https://raw.githubusercontent.com/PokeAPI/sprites/master/sprites/pokemon/833.png
834;drednaw;10;1155;https://raw.githubusercontent.com/PokeAPI/sprites/master/sprites/pokemon/834.png
835;yamper;3;135;https://raw.githubusercontent.com/PokeAPI/sprites/master/sprites/pokemon/835.png
836;boltund;10;340;https://raw.githubusercontent.com/PokeAPI/sprites/master/sprites/pokemon/836.png
837;rolycoly;3;120;https://raw.githubusercontent.com/PokeAPI/sprites/master/sprites/pokemon/837.png
838;carkol;11;780;https://raw.githubusercontent.com/PokeAPI/sprites/master/sprites/pokemon/838.png
839;coalossal;28;3105;https://raw.githubusercontent.com/PokeAPI/sprites/master/sprites/pokemon/839.png
840;applin;2;5;https://raw.githubusercontent.com/PokeAPI/sprites/master/sprites/pokemon/840.png
841;flapple;3;10;https://raw.githubusercontent.com/PokeAPI/sprites/master/sprites/pokemon/841.png
842;appletun;4;130;https://raw.githubusercontent.com/PokeAPI/sprites/master/sprites/pokemon/842.png
843;silicobra;22;76;https://raw.githubusercontent.com/PokeAPI/sprites/master/sprites/pokemon/843.png
844;sandaconda;38;655;https://raw.githubusercontent.com/PokeAPI/sprites/master/sprites/pokemon/844.png
845;cramorant;8;180;https://raw.githubusercontent.com/PokeAPI/sprites/master/sprites/pokemon/845.png
846;arrokuda;5;10;https://raw.githubusercontent.com/PokeAPI/sprites/master/sprites/pokemon/846.png
847;barraskewda;13;300;https://raw.githubusercontent.com/PokeAPI/sprites/master/sprites/pokemon/847.png
848;toxel;4;110;https://raw.githubusercontent.com/PokeAPI/sprites/master/sprites/pokemon/848.png
849;toxtricity-amped;16;400;https://raw.githubusercontent.com/PokeAPI/sprites/master/sprites/pokemon/849.png
850;sizzlipede;7;10;https://raw.githubusercontent.com/PokeAPI/sprites/master/sprites/pokemon/850.png
851;centiskorch;30;1200;https://raw.githubusercontent.com/PokeAPI/sprites/master/sprites/pokemon/851.png
852;clobbopus;6;40;https://raw.githubusercontent.com/PokeAPI/sprites/master/sprites/pokemon/852.png
853;grapploct;16;390;https://raw.githubusercontent.com/PokeAPI/sprites/master/sprites/pokemon/853.png
854;sinistea;1;2;https://raw.githubusercontent.com/PokeAPI/sprites/master/sprites/pokemon/854.png
855;polteageist;2;4;https://raw.githubusercontent.com/PokeAPI/sprites/master/sprites/pokemon/855.png
856;hatenna;4;34;https://raw.githubusercontent.com/PokeAPI/sprites/master/sprites/pokemon/856.png
857;hattrem;6;48;https://raw.githubusercontent.com/PokeAPI/sprites/master/sprites/pokemon/857.png
858;hatterene;21;51;https://raw.githubusercontent.com/PokeAPI/sprites/master/sprites/pokemon/858.png
859;impidimp;4;55;https://raw.githubusercontent.com/PokeAPI/sprites/master/sprites/pokemon/859.png
860;morgrem;8;125;https://raw.githubusercontent.com/PokeAPI/sprites/master/sprites/pokemon/860.png
861;grimmsnarl;15;610;https://raw.githubusercontent.com/PokeAPI/sprites/master/sprites/pokemon/861.png
862;obstagoon;16;460;https://raw.githubusercontent.com/PokeAPI/sprites/master/sprites/pokemon/862.png
863;perrserker;8;280;https://raw.githubusercontent.com/PokeAPI/sprites/master/sprites/pokemon/863.png
864;cursola;10;4;https://raw.githubusercontent.com/PokeAPI/sprites/master/sprites/pokemon/864.png
865;sirfetchd;8;1170;https://raw.githubusercontent.com/PokeAPI/sprites/master/sprites/pokemon/865.png
866;mr-rime;15;582;https://raw.githubusercontent.com/PokeAPI/sprites/master/sprites/pokemon/866.png
867;runerigus;16;666;https://raw.githubusercontent.com/PokeAPI/sprites/master/sprites/pokemon/867.png
868;milcery;2;3;https://raw.githubusercontent.com/PokeAPI/sprites/master/sprites/pokemon/868.png
869;alcremie;3;5;https://raw.githubusercontent.com/PokeAPI/sprites/master/sprites/pokemon/869.png
870;falinks;30;620;https://raw.githubusercontent.com/PokeAPI/sprites/master/sprites/pokemon/870.png
871;pincurchin;3;10;https://raw.githubusercontent.com/PokeAPI/sprites/master/sprites/pokemon/871.png
872;snom;3;38;https://raw.githubusercontent.com/PokeAPI/sprites/master/sprites/pokemon/872.png
873;frosmoth;13;420;https://raw.githubusercontent.com/PokeAPI/sprites/master/sprites/pokemon/873.png
874;stonjourner;25;5200;https://raw.githubusercontent.com/PokeAPI/sprites/master/sprites/pokemon/874.png
875;eiscue-ice;14;890;https://raw.githubusercontent.com/PokeAPI/sprites/master/sprites/pokemon/875.png
876;indeedee-male;9;280;https://raw.githubusercontent.com/PokeAPI/sprites/master/sprites/pokemon/876.png
877;morpeko-full-belly;3;30;https://raw.githubusercontent.com/PokeAPI/sprites/master/sprites/pokemon/877.png
878;cufant;12;1000;https://raw.githubusercontent.com/PokeAPI/sprites/master/sprites/pokemon/878.png
879;copperajah;30;6500;https://raw.githubusercontent.com/PokeAPI/sprites/master/sprites/pokemon/879.png
880;dracozolt;18;1900;https://raw.githubusercontent.com/PokeAPI/sprites/master/sprites/pokemon/880.png
881;arctozolt;23;1500;https://raw.githubusercontent.com/PokeAPI/sprites/master/sprites/pokemon/881.png
882;dracovish;23;2150;https://raw.githubusercontent.com/PokeAPI/sprites/master/sprites/pokemon/882.png
883;arctovish;20;1750;https://raw.githubusercontent.com/PokeAPI/sprites/master/sprites/pokemon/883.png
884;duraludon;18;400;https://raw.githubusercontent.com/PokeAPI/sprites/master/sprites/pokemon/884.png
885;dreepy;5;20;https://raw.githubusercontent.com/PokeAPI/sprites/master/sprites/pokemon/885.png
886;drakloak;14;110;https://raw.githubusercontent.com/PokeAPI/sprites/master/sprites/pokemon/886.png
887;dragapult;30;500;https://raw.githubusercontent.com/PokeAPI/sprites/master/sprites/pokemon/887.png
888;zacian;28;1100;https://raw.githubusercontent.com/PokeAPI/sprites/master/sprites/pokemon/888.png
889;zamazenta;29;2100;https://raw.githubusercontent.com/PokeAPI/sprites/master/sprites/pokemon/889.png
890;eternatus;200;9500;https://raw.githubusercontent.com/PokeAPI/sprites/master/sprites/pokemon/890.png
891;kubfu;6;120;https://raw.githubusercontent.com/PokeAPI/sprites/master/sprites/pokemon/891.png
892;urshifu-single-strike;19;1050;https://raw.githubusercontent.com/PokeAPI/sprites/master/sprites/pokemon/892.png
893;zarude;18;700;https://raw.githubusercontent.com/PokeAPI/sprites/master/sprites/pokemon/893.png
894;regieleki;12;1450;https://raw.githubusercontent.com/PokeAPI/sprites/master/sprites/pokemon/894.png
895;regidrago;21;2000;https://raw.githubusercontent.com/PokeAPI/sprites/master/sprites/pokemon/895.png
896;glastrier;22;8000;https://raw.githubusercontent.com/PokeAPI/sprites/master/sprites/pokemon/896.png
897;spectrier;20;445;https://raw.githubusercontent.com/PokeAPI/sprites/master/sprites/pokemon/897.png
898;calyrex;11;77;https://raw.githubusercontent.com/PokeAPI/sprites/master/sprites/pokemon/898.png
899;wyrdeer;18;951;https://raw.githubusercontent.com/PokeAPI/sprites/master/sprites/pokemon/899.png
900;kleavor;18;890;https://raw.githubusercontent.com/PokeAPI/sprites/master/sprites/pokemon/900.png
901;ursaluna;24;2900;https://raw.githubusercontent.com/PokeAPI/sprites/master/sprites/pokemon/901.png
902;basculegion-male;30;1100;https://raw.githubusercontent.com/PokeAPI/sprites/master/sprites/pokemon/902.png
903;sneasler;13;430;https://raw.githubusercontent.com/PokeAPI/sprites/master/sprites/pokemon/903.png
904;overqwil;25;605;https://raw.githubusercontent.com/PokeAPI/sprites/master/sprites/pokemon/904.png
905;enamorus-incarnate;16;480;https://raw.githubusercontent.com/PokeAPI/sprites/master/sprites/pokemon/905.png
10001;deoxys-attack;17;608;https://raw.githubusercontent.com/PokeAPI/sprites/master/sprites/pokemon/906.png
10002;deoxys-defense;17;608;https://raw.githubusercontent.com/PokeAPI/sprites/master/sprites/pokemon/907.png
10003;deoxys-speed;17;608;https://raw.githubusercontent.com/PokeAPI/sprites/master/sprites/pokemon/908.png
10004;wormadam-sandy;5;65;https://raw.githubusercontent.com/PokeAPI/sprites/master/sprites/pokemon/909.png
10005;wormadam-trash;5;65;https://raw.githubusercontent.com/PokeAPI/sprites/master/sprites/pokemon/910.png
10006;shaymin-sky;4;52;https://raw.githubusercontent.com/PokeAPI/sprites/master/sprites/pokemon/911.png
10007;giratina-origin;69;6500;https://raw.githubusercontent.com/PokeAPI/sprites/master/sprites/pokemon/912.png
10008;rotom-heat;3;3;https://raw.githubusercontent.com/PokeAPI/sprites/master/sprites/pokemon/913.png
10009;rotom-wash;3;3;https://raw.githubusercontent.com/PokeAPI/sprites/master/sprites/pokemon/914.png
10010;rotom-frost;3;3;https://raw.githubusercontent.com/PokeAPI/sprites/master/sprites/pokemon/915.png
10011;rotom-fan;3;3;https://raw.githubusercontent.com/PokeAPI/sprites/master/sprites/pokemon/916.png
10012;rotom-mow;3;3;https://raw.githubusercontent.com/PokeAPI/sprites/master/sprites/pokemon/917.png
10013;castform-sunny;3;8;https://raw.githubusercontent.com/PokeAPI/sprites/master/sprites/pokemon/918.png
10014;castform-rainy;3;8;https://raw.githubusercontent.com/PokeAPI/sprites/master/sprites/pokemon/919.png
10015;castform-snowy;3;8;https://raw.githubusercontent.com/PokeAPI/sprites/master/sprites/pokemon/920.png
10016;basculin-blue-striped;10;180;https://raw.githubusercontent.com/PokeAPI/sprites/master/sprites/pokemon/921.png
10017;darmanitan-zen;13;929;https://raw.githubusercontent.com/PokeAPI/sprites/master/sprites/pokemon/922.png
10018;meloetta-pirouette;6;65;https://raw.githubusercontent.com/PokeAPI/sprites/master/sprites/pokemon/923.png
10019;tornadus-therian;14;630;https://raw.githubusercontent.com/PokeAPI/sprites/master/sprites/pokemon/924.png
10020;thundurus-therian;30;610;https://raw.githubusercontent.com/PokeAPI/sprites/master/sprites/pokemon/925.png
10021;landorus-therian;13;680;https://raw.githubusercontent.com/PokeAPI/sprites/master/sprites/pokemon/926.png
10022;kyurem-black;33;3250;https://raw.githubusercontent.com/PokeAPI/sprites/master/sprites/pokemon/927.png
10023;kyurem-white;36;3250;https://raw.githubusercontent.com/PokeAPI/sprites/master/sprites/pokemon/928.png
10024;keldeo-resolute;14;485;https://raw.githubusercontent.com/PokeAPI/sprites/master/sprites/pokemon/929.png
10025;meowstic-female;6;85;https://raw.githubusercontent.com/PokeAPI/sprites/master/sprites/pokemon/930.png
10026;aegislash-blade;17;530;https://raw.githubusercontent.com/PokeAPI/sprites/master/sprites/pokemon/931.png
10027;pumpkaboo-small;3;35;https://raw.githubusercontent.com/PokeAPI/sprites/master/sprites/pokemon/932.png
10028;pumpkaboo-large;5;75;https://raw.githubusercontent.com/PokeAPI/sprites/master/sprites/pokemon/933.png
10029;pumpkaboo-super;8;150;https://raw.githubusercontent.com/PokeAPI/sprites/master/sprites/pokemon/934.png
10030;gourgeist-small;7;95;https://raw.githubusercontent.com/PokeAPI/sprites/master/sprites/pokemon/935.png
10031;gourgeist-large;11;140;https://raw.githubusercontent.com/PokeAPI/sprites/master/sprites/pokemon/936.png
10032;gourgeist-super;17;390;https://raw.githubusercontent.com/PokeAPI/sprites/master/sprites/pokemon/937.png
